scheme_name,amc_name,category,sub_category,risk_level,rating,min_sip,min_lumpsum,expense_ratio,fund_size_cr,fund_age_yr,returns_1yr,returns_3yr,returns_5yr,scheme_code,nav,latest_nav_date,average_aum_cr,scheme_type,scheme_category_label,scheme_nav_name,master_launch_date,master_match_type,nav_source,nav_confidence,nav_is_synthetic,nav_notes
Aditya Birla SL Active Debt Multi-Mgr FoF-Dir Growth,Aditya Birla Sun Life Mutual Fund,Other,FoFs Domestic,3,3,100,100,0.27,10.0,10.0,4.0,6.5,6.9,,43.7632,,,,,,,unmatched,imputed_subcategory,synthetic,True,Synthetic peer-based NAV using 9 comparable schemes.
Aditya Birla SL Arbitrage Fund,Aditya Birla Sun Life Mutual Fund,Hybrid,Arbitrage Mutual Funds,1,3,1000,1000,0.36,4288.0,10.0,5.6,4.8,5.5,119526,30.1101,2026-04-10,18303.4524,Open Ended,Hybrid Scheme - Arbitrage Fund,Aditya Birla Sun Life Arbitrage Fund - Growth - Direct Plan,2009-07-14,exact_name_amc,master,high,False,Master dataset via exact_name_amc.
Aditya Birla SL Asset Allocator FoF-Dir Growth,Aditya Birla Sun Life Mutual Fund,Other,FoFs Domestic,5,3,1000,1000,0.53,157.0,10.0,2.0,18.9,9.7,,46.3768,,,,,,,unmatched,imputed_subcategory,synthetic,True,Synthetic peer-based NAV using 9 comparable schemes.
Aditya Birla SL Bal Bhavishya Yojna – Dir Growth,Aditya Birla Sun Life Mutual Fund,Solution Oriented,Childrens Funds,6,2,500,1000,0.76,637.0,4.0,-0.7,17.1,,146409,19.39,2026-04-10,1091.6335000000001,Open Ended,Solution Oriented Scheme - Children s Fund,ADITYA BIRLA SUN LIFE BAL BHAVISHYA YOJNA REGULAR GROWTH,2019-01-22,exact_name_amc,master,high,False,Master dataset via exact_name_amc.
Aditya Birla SL Balanced Advantage Fund,Aditya Birla Sun Life Mutual Fund,Hybrid,Dynamic Asset Allocation or Balanced Advantage,6,4,100,100,0.61,6386.0,10.0,4.5,18.6,9.7,131666,107.86,2026-04-10,7343.8526,Open Ended,Hybrid Scheme - Dynamic Asset Allocation or Balanced Advantage,Aditya Birla Sun Life Balanced Advantage Fund - Regular Plan - Growth Option,2000-03-15,exact_name_amc,master,high,False,Master dataset via exact_name_amc.
Aditya Birla SL Banking&Financial Services-DirGrowth,Aditya Birla Sun Life Mutual Fund,Equity,Sectoral / Thematic Mutual Funds,6,2,1000,1000,1.17,2384.0,9.0,5.3,24.6,9.2,,66.2136,,,,,,,unmatched,imputed_subcategory_style,synthetic,True,Synthetic peer-based NAV using 46 comparable schemes.
Aditya Birla SL Banking&PSU Debt Fund,Aditya Birla Sun Life Mutual Fund,Debt,Banking and PSU Mutual Funds,3,4,1000,1000,0.37,7994.0,10.0,4.5,6.8,7.3,119550,395.0142,2026-04-10,6769.0961,Open Ended,Debt Scheme - Banking and PSU Fund,Aditya Birla Sun Life Banking & PSU Debt Fund- Direct Plan-Growth,2000-01-01,exact_name_amc,master,high,False,Master dataset via exact_name_amc.
Aditya Birla SL CEF – Global Agri Plan-Direct Growth,Aditya Birla Sun Life Mutual Fund,Equity,Sectoral / Thematic Mutual Funds,6,0,1000,1000,1.29,15.0,10.0,-10.3,29.4,9.3,,45.4802,,,,,,,unmatched,imputed_subcategory_style,synthetic,True,Synthetic peer-based NAV using 7 comparable schemes.
Aditya Birla SL Corporate Bond Fund,Aditya Birla Sun Life Mutual Fund,Debt,Corporate Bond Mutual Funds,2,4,100,100,0.31,12120.0,10.0,4.9,7.1,7.4,119533,118.7894,2026-04-10,21002.2346,Open Ended,Debt Scheme - Corporate Bond Fund,Aditya Birla Sun Life Corporate Bond Fund - Growth - Direct Plan,1997-03-20,exact_name_amc,master,high,False,Master dataset via exact_name_amc.
Aditya Birla SL Credit Risk Fund,Aditya Birla Sun Life Mutual Fund,Debt,Credit Risk Funds,4,4,100,100,0.69,1032.0,8.0,8.7,9.0,7.2,134388,27.1305,2026-04-10,0.0179,Open Ended,Debt Scheme - Credit Risk Fund,Aditya Birla Sun Life Credit Risk Fund - Direct Plan - Bonus,2015-03-30,exact_name_amc,master,high,False,Master dataset via exact_name_amc.
Aditya Birla SL Digital India Fund,Aditya Birla Sun Life Mutual Fund,Equity,Sectoral / Thematic Mutual Funds,6,0,100,1000,0.88,3338.0,10.0,-14.6,39.8,21.1,103168,145.76,2026-04-10,2791.9691,Open Ended,Equity Scheme - Sectoral/ Thematic,Aditya Birla Sun Life Digital India Fund - Growth - Regular Plan,1999-12-15,exact_name_amc,master,high,False,Master dataset via exact_name_amc.
Aditya Birla SL Dividend Yield Fund,Aditya Birla Sun Life Mutual Fund,Equity,Dividend Yield Funds,6,0,1000,1000,1.73,850.0,10.0,6.2,30.5,10.0,101737,25.46,2026-04-10,224.8209,Open Ended,Equity Scheme - Dividend Yield Fund,Aditya Birla Sun Life Dividend Yield Fund -REGULAR - IDCW,2003-01-23,exact_name_amc,master,high,False,Master dataset via exact_name_amc.
Aditya Birla SL Dynamic Bond Fund,Aditya Birla Sun Life Mutual Fund,Debt,Dynamic Bond,3,5,1000,1000,0.64,1795.0,10.0,7.5,8.0,6.0,102767,47.7366,2026-04-10,915.7385,Open Ended,Debt Scheme - Dynamic Bond,Aditya Birla Sun Life Dynamic Bond Fund - Growth - Regular Plan,2004-09-10,exact_name_amc,master,high,False,Master dataset via exact_name_amc.
Aditya Birla SL Equity Advantage Fund,Aditya Birla Sun Life Mutual Fund,Equity,Large & Mid Cap Funds,6,1,1000,1000,1.14,4836.0,10.0,-9.9,22.3,7.9,,974.4,2025-01-06,,,,,,unmatched,archive_name,medium,False,Archive NAV matched using normalized scheme name.
Aditya Birla SL Equity Hybrid ’95 Fund,Aditya Birla Sun Life Mutual Fund,Hybrid,Aggressive Hybrid Mutual Funds,6,2,100,100,1.01,7046.0,10.0,-5.7,20.4,7.7,103155,1485.49,2026-04-10,5628.6947,Open Ended,Hybrid Scheme - Aggressive Hybrid Fund,Aditya Birla Sun Life Equity Hybrid'95 Fund - Regular Plan-Growth,1995-01-19,exact_name_amc,master,high,False,Master dataset via exact_name_amc.
Aditya Birla SL Equity Savings Fund,Aditya Birla Sun Life Mutual Fund,Hybrid,Equity Savings Mutual Funds,4,2,1000,1000,1.21,451.0,8.0,0.8,11.7,6.9,132998,22.78,2026-04-10,539.615,Open Ended,Hybrid Scheme - Equity Savings,Aditya Birla Sun Life Equity Savings Fund - Regular Plan - Growth,2014-11-11,exact_name_amc,master,high,False,Master dataset via exact_name_amc.
Aditya Birla SL Flexi Cap Fund,Aditya Birla Sun Life Mutual Fund,Equity,Flexi Cap Funds,6,3,100,100,0.86,15449.0,10.0,-2.1,25.0,10.4,103166,1799.83,2026-04-10,18923.4775,Open Ended,Equity Scheme - Flexi Cap Fund,Aditya Birla Sun Life Flexi Cap Fund - Growth - Regular Plan,1998-08-17,exact_name_amc,master,high,False,Master dataset via exact_name_amc.
Aditya Birla SL Floating Rate Fund,Aditya Birla Sun Life Mutual Fund,Debt,Floater Mutual Funds,2,5,1000,1000,0.23,12364.0,10.0,5.8,6.4,6.8,122646,375.1527,2026-04-10,12153.839399999999,Open Ended,Debt Scheme - Floater Fund,Aditya Birla Sun Life Floating Rate Fund-Direct Plan-Growth,2003-06-01,exact_name_amc,master,high,False,Master dataset via exact_name_amc.
Aditya Birla SL Focused Equity Fund,Aditya Birla Sun Life Mutual Fund,Equity,Focused Funds,6,3,1000,1000,1.06,5633.0,10.0,-0.7,24.0,10.7,,56.9395,,,,,,,unmatched,imputed_subcategory_style,synthetic,True,Synthetic peer-based NAV using 5 comparable schemes.
Aditya Birla SL FP FoF – Aggressive – Direct Growth,Aditya Birla Sun Life Mutual Fund,Other,FoFs Domestic,6,3,100,100,0.22,159.0,10.0,2.5,21.7,10.7,,47.0427,,,,,,,unmatched,imputed_subcategory_style,synthetic,True,Synthetic peer-based NAV using 5 comparable schemes.
Aditya Birla SL FP FoF – Conservative – Direct Growth,Aditya Birla Sun Life Mutual Fund,Other,FoFs Domestic,4,4,100,100,0.34,14.0,10.0,4.7,13.3,8.2,,45.1774,,,,,,,unmatched,imputed_subcategory_style,synthetic,True,Synthetic peer-based NAV using 5 comparable schemes.
Aditya Birla SL FP FoF – Moderate – Direct Growth,Aditya Birla Sun Life Mutual Fund,Other,FoFs Domestic,5,3,100,100,0.36,28.0,10.0,3.7,17.3,9.4,,46.0641,,,,,,,unmatched,imputed_subcategory_style,synthetic,True,Synthetic peer-based NAV using 5 comparable schemes.
Aditya Birla SL Frontline Equity Fund,Aditya Birla Sun Life Mutual Fund,Equity,Large Cap Mutual Funds,6,3,100,100,1.03,21131.0,10.0,1.6,26.3,10.6,,550.51,2025-01-06,,,,,,unmatched,archive_name,medium,False,Archive NAV matched using normalized scheme name.
Aditya Birla SL Global Emerging Oppt Fund,Aditya Birla Sun Life Mutual Fund,Other,FoFs Overseas,6,0,100,100,0.7,261.0,10.0,-5.7,18.8,8.3,,42.0928,,,,,,,unmatched,imputed_category_risk,synthetic,True,Synthetic peer-based NAV using 25 comparable schemes.
Aditya Birla SL Gold Fund,Aditya Birla Sun Life Mutual Fund,Other,FoFs Domestic,5,2,100,100,0.15,278.0,10.0,11.8,12.1,13.2,116796,43.2453,2026-04-10,1085.3902,Open Ended,Other Scheme - FoF Domestic,Aditya Birla Sun Life Gold Fund-Growth,2012-03-01,exact_name_amc,master,high,False,Master dataset via exact_name_amc.
Aditya Birla SL Govt Securities Fund,Aditya Birla Sun Life Mutual Fund,Debt,Gilt Mutual Funds,3,3,1000,1000,0.29,1351.0,10.0,3.6,6.0,8.0,119605,86.2545,2026-04-10,1153.9294,Open Ended,Debt Scheme - Gilt Fund,Aditya Birla Sun Life Government Securities Fund - Growth - Direct Plan,1999-10-12,exact_name_amc,master,high,False,Master dataset via exact_name_amc.
Aditya Birla SL Income Fund,Aditya Birla Sun Life Mutual Fund,Debt,Medium to Long Duration Funds,3,4,1000,5000,0.49,1496.0,10.0,3.5,7.1,7.7,111777,30.0154,2024-09-20,,Open Ended,Debt Scheme - Medium to Long Duration Fund,Aditya Birla Sun Life Income Fund (Discipline Advantage Plan),1994-01-01,exact_name_amc,master,high,False,Master dataset via exact_name_amc.
Aditya Birla SL India GenNext Fund,Aditya Birla Sun Life Mutual Fund,Equity,Sectoral / Thematic Mutual Funds,6,3,1000,1000,0.82,3217.0,10.0,4.6,25.0,13.3,,240.04,2025-01-06,,,,,,unmatched,archive_name,medium,False,Archive NAV matched using normalized scheme name.
Aditya Birla SL Infrastructure Fund,Aditya Birla Sun Life Mutual Fund,Equity,Sectoral / Thematic Mutual Funds,6,2,1000,1000,1.7,562.0,10.0,13.5,35.6,9.2,103476,95.94,2026-04-10,832.4385000000001,Open Ended,Equity Scheme - Sectoral/ Thematic,Aditya Birla Sun Life Infrastructure Fund-Growth,2006-01-31,exact_name_amc,master,high,False,Master dataset via exact_name_amc.
Aditya Birla SL Inter Equity – Plan A-Direct Growth,Aditya Birla Sun Life Mutual Fund,Equity,Sectoral / Thematic Mutual Funds,6,0,1000,1000,1.75,108.0,10.0,0.9,17.7,10.4,,43.448,,,,,,,unmatched,imputed_subcategory_style,synthetic,True,Synthetic peer-based NAV using 7 comparable schemes.
Aditya Birla SL Inter Equity – Plan B-Direct Growth,Aditya Birla Sun Life Mutual Fund,Equity,Sectoral / Thematic Mutual Funds,6,0,1000,1000,2.15,90.0,10.0,-4.1,22.7,7.6,,44.0064,,,,,,,unmatched,imputed_subcategory_style,synthetic,True,Synthetic peer-based NAV using 7 comparable schemes.
Aditya Birla SL Liquid Fund,Aditya Birla Sun Life Mutual Fund,Debt,Liquid Mutual Funds,3,4,500,500,0.21,28071.0,10.0,5.7,4.4,5.4,112014,299.0893,2026-04-12,0.0001,Open Ended,Debt Scheme - Liquid Fund,Aditya Birla Sun Life Liquid Fund- Discipline Advantage Plan,1997-06-04,exact_name_amc,master,high,False,Master dataset via exact_name_amc.
Aditya Birla SL Low Duration Fund,Aditya Birla Sun Life Mutual Fund,Debt,Low Duration Funds,3,4,100,100,0.39,10035.0,10.0,5.7,6.5,7.0,119523,763.2853,2026-04-10,7241.140600000001,Open Ended,Debt Scheme - Low Duration Fund,Aditya Birla Sun Life Low duration Fund - Growth - Direct Plan,1998-07-07,exact_name_amc,master,high,False,Master dataset via exact_name_amc.
Aditya Birla SL Manufacturing Equity Fund,Aditya Birla Sun Life Mutual Fund,Equity,Sectoral / Thematic Mutual Funds,6,0,1000,1000,1.56,613.0,8.0,-2.9,21.7,6.8,133513,33.67,2026-04-10,981.9132000000001,Open Ended,Equity Scheme - Sectoral/ Thematic,Aditya Birla Sun Life Manufacturing Equity Fund - Regular Plan - Growth,2015-01-13,exact_name_amc,master,high,False,Master dataset via exact_name_amc.
Aditya Birla SL Medium Term Plan – Direct Growth,Aditya Birla Sun Life Mutual Fund,Debt,Medium Duration Funds,4,5,1000,1000,0.86,1652.0,10.0,22.1,14.5,8.6,119539,46.5046,2026-04-10,1383.7413000000001,Open Ended,Debt Scheme - Medium Duration Fund,Aditya Birla Sun Life Medium Term Plan - Growth - Direct Plan,2009-03-23,exact_name_amc,master,high,False,Master dataset via exact_name_amc.
Aditya Birla SL Midcap Fund,Aditya Birla Sun Life Mutual Fund,Equity,Mid Cap Mutual Funds,6,1,1000,1000,1.2,3436.0,10.0,-3.6,28.0,8.3,101592,764.5,2026-04-10,5093.17,Open Ended,Equity Scheme - Mid Cap Fund,Aditya Birla Sun Life MIDCAP Fund-Growth,2002-09-09,exact_name_amc,master,high,False,Master dataset via exact_name_amc.
Aditya Birla SL Money Manager Fund,Aditya Birla Sun Life Mutual Fund,Debt,Money Market Funds,3,4,1000,1000,0.21,13095.0,10.0,5.6,5.6,6.4,119511,393.9631,2026-04-10,21974.3854,Open Ended,Debt Scheme - Money Market Fund,Aditya Birla Sun Life Money Manager Fund - Growth - Direct Plan,2003-06-01,exact_name_amc,master,high,False,Master dataset via exact_name_amc.
Aditya Birla SL Nifty 50 Index Fund,Aditya Birla Sun Life Mutual Fund,Other,Index Funds,6,3,1000,100,0.32,494.0,10.0,0.7,25.5,11.6,119648,249.4993,2026-04-10,970.4457000000001,Open Ended,Other Scheme - Index Funds,Aditya Birla Sun Life Nifty 50 Index Fund - Growth - Direct Plan,2002-09-10,exact_name_amc,master,high,False,Master dataset via exact_name_amc.
Aditya Birla SL Overnight Fund,Aditya Birla Sun Life Mutual Fund,Debt,Overnight Mutual Funds,1,3,0,5000,0.07,13399.0,4.0,5.4,3.9,,145486,1459.1809,2026-04-12,9317.9229,Open Ended,Debt Scheme - Overnight Fund,ADITYA BIRLA SUN LIFE OVERNIGHT FUND-DIRECT PLAN-GROWTH,2018-10-30,exact_name_amc,master,high,False,Master dataset via exact_name_amc.
Aditya Birla SL Pure Value Fund,Aditya Birla Sun Life Mutual Fund,Equity,Value Funds,6,1,1000,1000,1.12,3798.0,10.0,3.0,29.8,4.3,,140.5729,2025-01-06,,,,,,unmatched,archive_name,medium,False,Archive NAV matched using normalized scheme name.
Aditya Birla SL Regular Savings Fund,Aditya Birla Sun Life Mutual Fund,Hybrid,Conservative Hybrid Mutual Funds,4,3,500,500,0.92,1585.0,10.0,3.6,13.9,7.6,112016,329.2124,2026-04-10,0.0001,Open Ended,Debt Scheme - Ultra Short Duration Fund,Aditya Birla Sun Life Savings Fund - Discipline Advantage Plan,2001-11-19,exact_name_amc,master,high,False,Master dataset via exact_name_amc.
Aditya Birla SL Retirement-The 30s Plan-Dir Growth,Aditya Birla Sun Life Mutual Fund,Solution Oriented,Retirement Funds,6,2,500,1000,1.06,258.0,4.0,0.0,17.9,,146577,20.047,2026-04-10,388.3541,Open Ended,Solution Oriented Scheme - Retirement Fund,Aditya Birla Sun Life Retirement Fund-The 30s Plan-Regular Growth,2019-02-19,exact_name_amc,master,high,False,Master dataset via exact_name_amc.
Aditya Birla SL Retirement-The 40s Plan-Dir Growth,Aditya Birla Sun Life Mutual Fund,Solution Oriented,Retirement Funds,6,2,500,1000,1.07,91.0,4.0,-0.1,15.0,,146929,18.545,2026-04-10,102.82,Open Ended,Solution Oriented Scheme - Retirement Fund,Aditya Birla Sun Life Retirement Fund-The 40s Plan-Regular Plan-Growth,2019-02-19,exact_name_amc,master,high,False,Master dataset via exact_name_amc.
Aditya Birla SL Retirement-The 50s Plan-Dir Growth,Aditya Birla Sun Life Mutual Fund,Solution Oriented,Retirement Funds,4,2,500,1000,0.63,27.0,4.0,3.0,4.6,,146938,14.7467,2026-04-10,17.2528,Open Ended,Solution Oriented Scheme - Retirement Fund,Aditya Birla Sun Life Retirement Fund-The 50s Plan-Regular Plan-Growth,2019-02-19,exact_name_amc,master,high,False,Master dataset via exact_name_amc.
Aditya Birla SL Retirement-The 50sPlus-Debt-DirGrowth,Aditya Birla Sun Life Mutual Fund,Solution Oriented,Retirement Funds,3,1,500,1000,0.85,26.0,4.0,2.9,4.6,,,48.5043,,,,,,,unmatched,imputed_global,synthetic,True,Synthetic peer-based NAV using 504 comparable schemes.
Aditya Birla SL Savings Fund,Aditya Birla Sun Life Mutual Fund,Debt,Ultra Short Duration Funds,3,4,1000,1000,0.34,14457.0,10.0,5.5,5.8,6.5,112016,329.2124,2026-04-10,0.0001,Open Ended,Debt Scheme - Ultra Short Duration Fund,Aditya Birla Sun Life Savings Fund - Discipline Advantage Plan,2001-11-19,exact_name_amc,master,high,False,Master dataset via exact_name_amc.
Aditya Birla SL Short Term Fund,Aditya Birla Sun Life Mutual Fund,Debt,Short Duration Funds,3,4,1000,1000,0.38,5045.0,10.0,5.5,7.8,7.6,119498,53.7797,2026-04-10,7221.604399999999,Open Ended,Debt Scheme - Short Duration Fund,Aditya Birla Sun Life Short Term Fund - Growth - Direct Plan,2002-04-22,exact_name_amc,master,high,False,Master dataset via exact_name_amc.
Aditya Birla SL Small Cap Fund,Aditya Birla Sun Life Mutual Fund,Equity,Small Cap Mutual Funds,6,1,1000,1000,1.04,2901.0,10.0,-2.3,31.6,5.4,105804,83.2372,2026-04-10,4010.9207,Open Ended,Equity Scheme - Small Cap Fund,Aditya Birla Sun Life Small Cap Fund - GROWTH,2007-04-09,exact_name_amc,master,high,False,Master dataset via exact_name_amc.
Aditya Birla SL Tax Relief ’96 – Direct Growth,Aditya Birla Sun Life Mutual Fund,Equity,ELSS Mutual Funds,6,1,500,500,0.93,12755.0,10.0,-3.0,16.1,5.8,,99.2224,,,,,,,unmatched,imputed_subcategory,synthetic,True,Synthetic peer-based NAV using 5 comparable schemes.
AXIS All Seasons Debt Fund,Axis Mutual Fund,Other,FoFs Domestic,4,4,1000,5000,0.22,161.0,3.0,4.7,6.2,,,35.8711,,,,,,,unmatched,imputed_subcategory,synthetic,True,Synthetic peer-based NAV using 9 comparable schemes.
AXIS Arbitrage Fund,Axis Mutual Fund,Hybrid,Arbitrage Mutual Funds,1,4,1000,500,0.31,3085.0,9.0,5.6,4.9,5.6,130773,21.3493,2026-04-10,6293.6754,Open Ended,Hybrid Scheme - Arbitrage Fund,Axis Arbitrage Fund - Direct Plan - Growth,2014-07-25,exact_name_amc,master,high,False,Master dataset via exact_name_amc.
AXIS Balanced Advantage Fund,Axis Mutual Fund,Hybrid,Dynamic Asset Allocation or Balanced Advantage,6,2,1000,500,0.7,2077.0,6.0,1.2,12.4,8.0,141644,20.95,2026-04-10,3408.4130999999998,Open Ended,Hybrid Scheme - Dynamic Asset Allocation or Balanced Advantage,Axis Balanced Advantage Fund - Regular Plan - Growth,2017-07-11,exact_name_amc,master,high,False,Master dataset via exact_name_amc.
AXIS Banking & PSU Debt Fund,Axis Mutual Fund,Debt,Banking and PSU Mutual Funds,3,4,1000,5000,0.33,13953.0,10.0,4.5,6.4,7.2,128952,1532.8272,2017-06-14,,Open Ended,Debt Scheme - Banking and PSU Fund,Axis Banking & PSU Debt Fund - Direct Plan - Bonus Option,2012-05-30,exact_name_amc,master,high,False,Master dataset via exact_name_amc.
AXIS Bluechip Fund,Axis Mutual Fund,Equity,Large Cap Mutual Funds,6,4,500,500,0.63,33049.0,10.0,-6.1,17.3,12.1,,66.66,2025-01-06,,,,,,unmatched,archive_name,medium,False,Archive NAV matched using normalized scheme name.
AXIS Children’s Gift Fund,Axis Mutual Fund,Solution Oriented,Childrens Funds,6,0,1000,5000,1.06,685.0,7.0,-6.5,17.8,10.1,,56.9348,,,,,,,unmatched,imputed_global,synthetic,True,Synthetic peer-based NAV using 504 comparable schemes.
AXIS Corporate Debt Fund,Axis Mutual Fund,Debt,Corporate Bond Mutual Funds,3,5,1000,5000,0.22,3783.0,6.0,4.9,7.5,7.3,,26.4368,,,,,,,unmatched,imputed_subcategory_style,synthetic,True,Synthetic peer-based NAV using 5 comparable schemes.
AXIS Credit Risk Fund,Axis Mutual Fund,Debt,Credit Risk Funds,4,4,1000,5000,0.81,620.0,9.0,5.4,7.4,6.8,130309,22.6153,2026-04-10,311.1151,Open Ended,Debt Scheme - Credit Risk Fund,Axis Credit Risk Fund - Regular Plan - Growth,2014-06-25,exact_name_amc,master,high,False,Master dataset via exact_name_amc.
AXIS Dynamic Bond Fund,Axis Mutual Fund,Debt,Dynamic Bond,3,2,1000,5000,0.26,1733.0,10.0,3.4,6.5,7.7,128948,31.019,2025-01-06,,Open Ended,Debt Scheme - Dynamic Bond,Axis Dynamic Bond Fund - Bonus Option,2011-04-06,exact_name_amc,archive_name,medium,False,Archive NAV matched using normalized scheme name.
AXIS Equity Hybrid Fund,Axis Mutual Fund,Hybrid,Aggressive Hybrid Mutual Funds,6,2,1000,500,0.89,1699.0,5.0,-4.9,17.4,,,295.7919,,,,,,,unmatched,imputed_subcategory_style,synthetic,True,Synthetic peer-based NAV using 6 comparable schemes.
AXIS Equity Saver Fund,Axis Mutual Fund,Hybrid,Equity Savings Mutual Funds,4,3,1000,500,0.88,978.0,8.0,1.4,12.7,8.8,,22.0721,,,,,,,unmatched,imputed_subcategory,synthetic,True,Synthetic peer-based NAV using 16 comparable schemes.
AXIS Flexi Cap Fund,Axis Mutual Fund,Equity,Flexi Cap Funds,6,4,500,500,0.7,10077.0,5.0,-8.3,17.9,12.3,141927,25.62,2026-04-10,10362.413,Open Ended,Equity Scheme - Flexi Cap Fund,Axis Flexi Cap Fund - Regular Plan - Growth,2017-10-30,exact_name_amc,master,high,False,Master dataset via exact_name_amc.
AXIS Floater Fund,Axis Mutual Fund,Debt,Floater Mutual Funds,2,2,1000,5000,0.16,416.0,2.0,5.8,,,149049,1375.5571,2026-04-10,112.1582,Open Ended,Debt Scheme - Floater Fund,Axis Floater Fund - Direct Plan - Growth,2021-07-12,exact_name_amc,master,high,False,Master dataset via exact_name_amc.
AXIS Focused 25 Fund,Axis Mutual Fund,Equity,Focused Funds,6,2,500,500,0.74,15139.0,10.0,-14.7,14.8,8.9,,54.5096,,,,,,,unmatched,imputed_subcategory_style,synthetic,True,Synthetic peer-based NAV using 5 comparable schemes.
AXIS FTP – Series 104 – 1112Days,Axis Mutual Fund,Debt,Fixed Maturity Plans,2,0,0,0,0.13,110.0,4.0,11.2,14.5,14.0,,168.1089,,,,,,,unmatched,imputed_category_risk,synthetic,True,Synthetic peer-based NAV using 87 comparable schemes.
AXIS FTP – Series 109 – 111Days,Axis Mutual Fund,Debt,Fixed Maturity Plans,3,0,0,0,0.0,565.0,1.0,11.2,14.5,14.0,,39.3817,,,,,,,unmatched,imputed_category_risk,synthetic,True,Synthetic peer-based NAV using 75 comparable schemes.
AXIS Gilt Fund,Axis Mutual Fund,Debt,Gilt Mutual Funds,3,4,1000,5000,0.39,133.0,10.0,4.0,5.9,7.9,128957,14.7352,2016-10-06,,Open Ended,Debt Scheme - Gilt Fund,Axis Gilt Fund - Direct Plan - Bonus Option,2012-01-10,exact_name_amc,master,high,False,Master dataset via exact_name_amc.
AXIS Gold Fund,Axis Mutual Fund,Other,FoFs Domestic,5,4,1000,5000,0.17,290.0,10.0,14.5,12.0,13.7,120473,47.0712,2026-04-10,1518.1055999999999,Open Ended,Other Scheme - FoF Domestic,Axis Gold Fund - Direct Plan - Growth option,2011-09-30,exact_name_amc,master,high,False,Master dataset via exact_name_amc.
AXIS Growth Opportunities Fund,Axis Mutual Fund,Equity,Large & Mid Cap Funds,6,3,1000,500,0.59,8053.0,4.0,-6.4,26.5,,,31.481,,,,,,,unmatched,imputed_subcategory_style,synthetic,True,Synthetic peer-based NAV using 10 comparable schemes.
AXIS Liquid Fund,Axis Mutual Fund,Debt,Liquid Mutual Funds,2,4,0,500,0.15,27226.0,10.0,5.7,4.3,5.4,128954,2215.5705,2020-05-05,,Open Ended,Debt Scheme - Liquid Fund,Axis Liquid Fund - Direct plan - Bonus Option,2009-10-08,exact_name_amc,master,high,False,Master dataset via exact_name_amc.
AXIS Long Term Equity Fund,Axis Mutual Fund,Equity,ELSS Mutual Funds,6,2,500,500,0.85,28754.0,10.0,-11.1,15.7,9.4,,100.1413,,,,,,,unmatched,imputed_subcategory,synthetic,True,Synthetic peer-based NAV using 5 comparable schemes.
AXIS Midcap Fund,Axis Mutual Fund,Equity,Mid Cap Mutual Funds,6,5,500,500,0.57,18920.0,10.0,-2.5,25.2,15.8,114564,111.43,2026-04-10,20107.0703,Open Ended,Equity Scheme - Mid Cap Fund,Axis Midcap Fund - Regular Plan - Growth,2011-01-31,exact_name_amc,master,high,False,Master dataset via exact_name_amc.
AXIS Money Market Fund,Axis Mutual Fund,Debt,Money Market Funds,2,4,1000,5000,0.21,4002.0,4.0,5.6,5.4,,147567,1518.8832,2026-04-10,19964.859,Open Ended,Debt Scheme - Money Market Fund,Axis Money Market Fund - Direct Plan - Growth Option,2019-07-26,exact_name_amc,master,high,False,Master dataset via exact_name_amc.
AXIS Nifty 100 Index Fund,Axis Mutual Fund,Other,Index Funds,6,3,1000,500,0.15,953.0,3.0,-1.7,25.1,,147666,22.1207,2026-04-10,1362.3959,Open Ended,Other Scheme - Index Funds,Axis Nifty 100 Index Fund - Direct Plan - Growth Option,2019-09-27,exact_name_amc,master,high,False,Master dataset via exact_name_amc.
AXIS Overnight Fund,Axis Mutual Fund,Debt,Overnight Mutual Funds,1,4,0,500,0.05,12566.0,4.0,5.4,3.9,,146675,1428.1709,2026-04-12,10487.2276,Open Ended,Debt Scheme - Overnight Fund,Axis Overnight Fund - Direct Plan - Growth Option,2019-03-07,exact_name_amc,master,high,False,Master dataset via exact_name_amc.
AXIS Regular Saver Fund,Axis Mutual Fund,Hybrid,Conservative Hybrid Mutual Funds,4,3,1000,500,0.86,407.0,10.0,1.8,10.9,7.0,,61.5618,,,,,,,unmatched,imputed_subcategory,synthetic,True,Synthetic peer-based NAV using 11 comparable schemes.
AXIS Retirement Savings Fund,Axis Mutual Fund,Solution Oriented,Retirement Funds,6,2,1000,5000,0.6,270.0,3.0,-1.3,13.6,,,47.7837,,,,,,,unmatched,imputed_global,synthetic,True,Synthetic peer-based NAV using 504 comparable schemes.
AXIS Retirement Savings Fund,Axis Mutual Fund,Solution Oriented,Retirement Funds,5,2,1000,5000,0.41,81.0,3.0,-2.5,10.3,,,47.1504,,,,,,,unmatched,imputed_global,synthetic,True,Synthetic peer-based NAV using 504 comparable schemes.
AXIS Retirement Savings Fund,Axis Mutual Fund,Solution Oriented,Retirement Funds,6,1,1000,5000,0.65,633.0,3.0,-4.1,14.0,,,47.8604,,,,,,,unmatched,imputed_global,synthetic,True,Synthetic peer-based NAV using 504 comparable schemes.
AXIS Short Term Fund,Axis Mutual Fund,Debt,Short Duration Funds,3,4,1000,5000,0.3,7096.0,10.0,4.9,6.9,7.4,,30.4496,,,,,,,unmatched,imputed_subcategory_style,synthetic,True,Synthetic peer-based NAV using 5 comparable schemes.
AXIS Small Cap Fund,Axis Mutual Fund,Equity,Small Cap Mutual Funds,6,5,500,500,0.54,11462.0,9.0,3.4,34.5,19.4,125354,116.95,2026-04-10,14598.8175,Open Ended,Equity Scheme - Small Cap Fund,Axis Small Cap Fund - Direct Plan - Growth,2013-11-11,exact_name_amc,master,high,False,Master dataset via exact_name_amc.
AXIS Strategic Bond Fund,Axis Mutual Fund,Debt,Medium Duration Funds,4,4,1000,5000,0.39,1644.0,10.0,5.2,7.4,7.4,128958,13.256,2015-01-30,,Open Ended,Debt Scheme - Medium Duration Fund,Axis Strategic Bond Fund - Regular Plan - Bonus Option,2012-03-09,exact_name_amc,master,high,False,Master dataset via exact_name_amc.
AXIS Treasury Advantage Fund,Axis Mutual Fund,Debt,Low Duration Funds,2,4,1000,5000,0.29,4614.0,10.0,5.3,5.9,6.6,128961,1847.5931,2017-04-10,,Open Ended,Debt Scheme - Low Duration Fund,Axis Treasury Advantage Fund - Direct Plan - Bonus Option,2009-10-08,exact_name_amc,master,high,False,Master dataset via exact_name_amc.
AXIS Triple Advantage Fund,Axis Mutual Fund,Hybrid,Multi Asset Allocation Mutual Funds,6,2,1000,500,0.72,1478.0,10.0,-5.1,18.1,10.4,,63.267,,,,,,,unmatched,imputed_category_risk,synthetic,True,Synthetic peer-based NAV using 26 comparable schemes.
AXIS Ultra Short Term Fund,Axis Mutual Fund,Debt,Ultra Short Duration Funds,3,4,1000,5000,0.31,4491.0,5.0,5.7,5.4,,,1227.8059,,,,,,,unmatched,imputed_subcategory,synthetic,True,Synthetic peer-based NAV using 15 comparable schemes.
Bandhan Asset Allocation FoF – Moderate – Direct Growth,Bandhan Mutual Fund,Other,FoFs Domestic,5,0,100,1000,0.42,16.0,10.0,1.3,12.7,6.9,,41.7111,2025-01-06,,,,,,unmatched,archive_name,medium,False,Archive NAV matched using normalized scheme name.
Bandhan FTP – Sr.179,Bandhan Mutual Fund,Debt,Fixed Maturity Plans,3,0,0,5000,0.05,286.0,4.0,4.4,6.2,,,40.5512,,,,,,,unmatched,imputed_category_risk,synthetic,True,Synthetic peer-based NAV using 75 comparable schemes.
Bank of India Arbitrage Fund,Bank of India Mutual Fund,Hybrid,Arbitrage Mutual Funds,1,1,1000,5000,0.98,12.0,5.0,4.2,3.4,,143620,14.3862,2026-04-10,34.592800000000004,Open Ended,Hybrid Scheme - Arbitrage Fund,BANK OF INDIA Arbitrage Fund Regular Growth,2018-05-31,exact_name_amc,master,high,False,Master dataset via exact_name_amc.
Bank of India Balanced Advantage Fund,Bank of India Mutual Fund,Hybrid,Dynamic Asset Allocation or Balanced Advantage,6,2,1000,5000,2.07,90.0,9.0,13.6,12.1,5.1,127849,25.8726,2026-04-10,125.5265,Open Ended,Hybrid Scheme - Dynamic Asset Allocation or Balanced Advantage,BANK OF INDIA BALANCED ADVANTAGE FUND REGULAR PLAN  GROWTH,2014-02-21,exact_name_amc,master,high,False,Master dataset via exact_name_amc.
Bank of India Conservative Hybrid Fund,Bank of India Mutual Fund,Hybrid,Conservative Hybrid Mutual Funds,3,4,1000,10000,2.2,63.0,10.0,22.3,15.5,6.4,111712,34.6956,2026-04-10,53.67060000000001,Open Ended,Debt Scheme - Medium to Long Duration Fund,BANK OF INDIA Conservative Hybrid Fund-Regular Plan-Growth,2009-01-28,exact_name_amc,master,high,False,Master dataset via exact_name_amc.
Bank of India Credit Risk Fund,Bank of India Mutual Fund,Debt,Credit Risk Funds,4,5,0,5000,1.54,161.0,8.0,130.8,12.8,-4.1,133867,13.3874,2026-04-10,77.4167,Open Ended,Debt Scheme - Credit Risk Fund,BANK OF INDIA Credit Risk Fund - Regular Plan,2015-02-06,exact_name_amc,master,high,False,Master dataset via exact_name_amc.
Bank of India Large & Mid Cap Equity Fund,Bank of India Mutual Fund,Equity,Large & Mid Cap Funds,6,2,1000,5000,1.89,204.0,10.0,2.7,25.6,9.5,,85.36,2025-01-06,,,,,,unmatched,archive_name,medium,False,Archive NAV matched using normalized scheme name.
Bank of India Liquid Fund,Bank of India Mutual Fund,Debt,Liquid Mutual Funds,2,4,0,5000,0.18,403.0,10.0,5.7,4.3,5.3,141890,1226.8682,2021-11-30,,Open Ended,Debt Scheme - Liquid Fund,BANK OF INDIA Liquid Fund  Unclaimed Redemption Upto 3 years,2008-07-09,exact_name_amc,master,high,False,Master dataset via exact_name_amc.
Bank of India Manufacturing & Infrastr Fund,Bank of India Mutual Fund,Equity,Sectoral / Thematic Mutual Funds,6,4,1000,5000,1.55,87.0,10.0,7.6,35.4,11.5,,73.7106,,,,,,,unmatched,imputed_subcategory,synthetic,True,Synthetic peer-based NAV using 57 comparable schemes.
Bank of India Mid & Small Cap Equity & Debt Fund,Bank of India Mutual Fund,Hybrid,Aggressive Hybrid Mutual Funds,6,4,1000,5000,1.92,380.0,7.0,-0.3,29.3,10.4,139529,38.34,2026-04-10,1103.4158,Open Ended,Hybrid Scheme - Aggressive Hybrid Fund,BANK OF INDIA MID & SMALL CAP EQUITY & DEBT FUND - REGULAR  PLAN  GROWTH,2016-06-29,exact_name_amc,master,high,False,Master dataset via exact_name_amc.
Bank of India Midcap Tax Fund,Bank of India Mutual Fund,Equity,ELSS Mutual Funds,6,0,0,500,0.95,51.0,5.0,-4.1,27.1,10.6,,92.9565,,,,,,,unmatched,imputed_subcategory,synthetic,True,Synthetic peer-based NAV using 5 comparable schemes.
Bank of India Midcap Tax Fund,Bank of India Mutual Fund,Equity,ELSS Mutual Funds,6,0,0,500,0.56,26.0,4.0,-4.7,26.0,,,88.8769,,,,,,,unmatched,imputed_subcategory,synthetic,True,Synthetic peer-based NAV using 5 comparable schemes.
Bank of India Overnight Fund,Bank of India Mutual Fund,Debt,Overnight Mutual Funds,1,5,0,5000,0.17,82.0,3.0,5.5,4.0,,149413,1288.5521,2026-04-12,0.6456000000000001,Open Ended,Debt Scheme - Overnight Fund,BANK OF INDIA Overnight Fund Unclaimed Redemption Plan - Upto 3 Years,2020-01-27,exact_name_amc,master,high,False,Master dataset via exact_name_amc.
Bank of India Short Term Income – Direct Growth,Bank of India Mutual Fund,Debt,Short Duration Funds,2,5,1000,5000,0.98,72.0,10.0,28.3,8.8,4.0,119382,30.2735,2026-04-10,151.7208,Open Ended,Debt Scheme - Short Duration Fund,BANK OF INDIA Short Term Income Fund-Direct Plan- Growth,2008-12-03,exact_name_amc,master,high,False,Master dataset via exact_name_amc.
Bank of India Small Cap Fund,Bank of India Mutual Fund,Equity,Small Cap Mutual Funds,6,4,1000,5000,1.52,414.0,4.0,-1.0,47.7,,145677,45.16,2026-04-10,1106.9660000000001,Open Ended,Equity Scheme - Small Cap Fund,BANK OF INDIA Small Cap Fund Regular Plan Growth,2018-11-28,exact_name_amc,master,high,False,Master dataset via exact_name_amc.
Bank of India Tax Advantage Fund,Bank of India Mutual Fund,Equity,ELSS Mutual Funds,6,4,500,500,1.31,676.0,10.0,0.9,29.0,13.2,,106.9373,,,,,,,unmatched,imputed_subcategory,synthetic,True,Synthetic peer-based NAV using 5 comparable schemes.
Bank of India Ultra Short Duration Fund,Bank of India Mutual Fund,Debt,Ultra Short Duration Funds,3,2,1000,5000,0.36,118.0,10.0,5.2,4.7,5.7,126389,3417.5545,2026-04-10,0.0022,Open Ended,Debt Scheme - Ultra Short Duration Fund,BANK OF INDIA Ultra Short Duration Fund- Direct Plan-Bonus,2008-07-09,exact_name_amc,master,high,False,Master dataset via exact_name_amc.
Baroda BNP Paribas Aggressive Hybrid Fund,Baroda BNP Paribas Mutual Fund,Hybrid,Aggressive Hybrid Mutual Funds,6,5,300,5000,0.61,772.0,6.0,3.5,20.6,13.3,150258,27.257,2026-04-10,1088.5611999999999,Open Ended,Hybrid Scheme - Aggressive Hybrid Fund,Baroda BNP Paribas Aggressive Hybrid Fund- REGULAT PLAN -GROWTH OPTION,2017-03-17,exact_name_amc,master,high,False,Master dataset via exact_name_amc.
Baroda BNP Paribas Arbitrage Fund,Baroda BNP Paribas Mutual Fund,Hybrid,Arbitrage Mutual Funds,1,3,300,5000,0.49,354.0,6.0,5.2,4.6,5.6,150251,17.8142,2026-04-10,900.8238,Open Ended,Hybrid Scheme - Arbitrage Fund,BARODA BNP PARIBAS ARBITRAGE FUND-DIRECT PLAN-GROWTH OPTION,2016-12-08,exact_name_amc,master,high,False,Master dataset via exact_name_amc.
Baroda BNP Paribas Balanced Advantage Fund,Baroda BNP Paribas Mutual Fund,Hybrid,Dynamic Asset Allocation or Balanced Advantage,6,4,500,5000,0.64,3123.0,4.0,3.7,19.8,,145387,24.3888,2026-04-10,4277.165300000001,Open Ended,Hybrid Scheme - Dynamic Asset Allocation or Balanced Advantage,Baroda BNP Paribas Balanced Advantage Fund-Regular Plan -Growth Option,2018-10-22,exact_name_amc,master,high,False,Master dataset via exact_name_amc.
Baroda BNP Paribas Banking & PSU Bond Fund,Baroda BNP Paribas Mutual Fund,Debt,Banking and PSU Mutual Funds,2,2,500,5000,0.39,40.0,2.0,2.5,,,,12.3433,2025-01-06,,,,,,unmatched,archive_name,medium,False,Archive NAV matched using normalized scheme name.
Baroda BNP Paribas Banking&Fin Serv Fund,Baroda BNP Paribas Mutual Fund,Equity,Sectoral / Thematic Mutual Funds,6,2,500,5000,1.63,69.0,10.0,6.6,19.2,9.1,,68.5752,,,,,,,unmatched,imputed_subcategory,synthetic,True,Synthetic peer-based NAV using 57 comparable schemes.
Baroda BNP Paribas Conservative Hybrid Fund,Baroda BNP Paribas Mutual Fund,Hybrid,Conservative Hybrid Mutual Funds,4,4,300,1000,0.78,501.0,10.0,3.7,9.2,7.7,150203,45.3134,2026-04-10,800.2136,Open Ended,Hybrid Scheme - Conservative Hybrid Fund,BARODA BNP PARIBAS Conservative Hybrid Fund-Regular Plan-Growth Option,2004-08-09,exact_name_amc,master,high,False,Master dataset via exact_name_amc.
Baroda BNP Paribas Corporate Bond Fund,Baroda BNP Paribas Mutual Fund,Debt,Corporate Bond Mutual Funds,2,2,300,5000,0.32,17.0,10.0,2.8,5.6,4.4,150237,30.4749,2026-04-10,370.80010000000004,Open Ended,Debt Scheme - Corporate Bond Fund,BARODA BNP PARIBAS Corporate Bond Fund - Direct Plan - Growth Option,2008-09-29,exact_name_amc,master,high,False,Master dataset via exact_name_amc.
Baroda BNP Paribas Credit Risk Fund,Baroda BNP Paribas Mutual Fund,Debt,Credit Risk Funds,4,5,500,5000,0.78,179.0,8.0,5.7,10.9,7.6,,23.3188,2025-01-06,,,,,,unmatched,archive_name,medium,False,Archive NAV matched using normalized scheme name.
Baroda BNP Paribas Dynamic Bond Fund,Baroda BNP Paribas Mutual Fund,Debt,Dynamic Bond,3,2,300,1000,0.71,115.0,10.0,5.2,5.7,6.6,150173,45.714,2026-04-10,112.904,Open Ended,Debt Scheme - Dynamic Bond,Baroda BNP Paribas Dynamic Bond Fund - Regular Plan - Growth Option,2004-08-09,exact_name_amc,master,high,False,Master dataset via exact_name_amc.
Baroda BNP Paribas ELSS Fund,Baroda BNP Paribas Mutual Fund,Equity,ELSS Mutual Funds,6,3,500,500,1.12,651.0,10.0,-2.4,20.4,10.5,,102.4536,,,,,,,unmatched,imputed_subcategory,synthetic,True,Synthetic peer-based NAV using 5 comparable schemes.
Baroda BNP Paribas Equity Savings Fund,Baroda BNP Paribas Mutual Fund,Hybrid,Equity Savings Mutual Funds,4,3,500,5000,1.45,250.0,4.0,3.7,9.8,,147494,16.802,2026-04-10,231.3236,Open Ended,Hybrid Scheme - Equity Savings,Baroda BNP Paribas Equity Savings Fund - Regular Plan - Growth,2019-07-04,exact_name_amc,master,high,False,Master dataset via exact_name_amc.
Baroda BNP Paribas Focused Fund,Baroda BNP Paribas Mutual Fund,Equity,Focused Funds,6,3,300,5000,0.67,299.0,5.0,0.5,23.1,9.9,150263,20.2859,2026-04-10,646.3714,Open Ended,Equity Scheme - Focused Fund,BARODA BNP PARIBAS Focused Fund - Regular Plan-Growth Option,2017-09-15,exact_name_amc,master,high,False,Master dataset via exact_name_amc.
Baroda BNP Paribas Gilt Fund,Baroda BNP Paribas Mutual Fund,Debt,Gilt Mutual Funds,3,2,500,5000,0.14,138.0,10.0,3.7,4.9,6.8,101189,44.6918,2025-01-06,,Open Ended,Debt Scheme - Gilt Fund,BOB GILT FUND-PF,2002-02-14,exact_name_amc,archive_name,medium,False,Archive NAV matched using normalized scheme name.
Baroda BNP Paribas India Consumption Fund,Baroda BNP Paribas Mutual Fund,Equity,Sectoral / Thematic Mutual Funds,6,3,300,5000,0.81,880.0,5.0,5.2,23.3,,150268,29.2617,2026-04-10,1330.9838,Open Ended,Equity Scheme - Sectoral/ Thematic,BARODA BNP PARIBAS India Consumption Fund - Regular Plan - Growth Option,2018-08-17,exact_name_amc,master,high,False,Master dataset via exact_name_amc.
Baroda BNP Paribas Large Cap Fund,Baroda BNP Paribas Mutual Fund,Equity,Large Cap Mutual Funds,6,4,300,5000,0.94,1347.0,10.0,3.0,23.5,12.8,150185,213.5437,2026-04-10,2133.4616,Open Ended,Equity Scheme - Large Cap Fund,BARODA BNP PARIBAS LARGE CAP Fund- Regular Plan - Growth Option,2004-08-09,exact_name_amc,master,high,False,Master dataset via exact_name_amc.
Baroda BNP Paribas Liquid Fund,Baroda BNP Paribas Mutual Fund,Debt,Liquid Mutual Funds,2,5,500,5000,0.19,6686.0,10.0,5.7,4.4,5.4,139344,1422.9738,2022-03-14,,Open Ended,Debt Scheme - Liquid Fund,Baroda BNP Paribas Liquid Fund - Plan C,2002-02-14,exact_name_amc,master,high,False,Master dataset via exact_name_amc.
Baroda BNP Paribas Low Duration Fund,Baroda BNP Paribas Mutual Fund,Debt,Low Duration Funds,3,3,300,5000,0.39,175.0,10.0,5.0,6.0,6.5,150165,41.8407,2026-04-10,169.2159,Open Ended,Debt Scheme - Low Duration Fund,BARODA BNP PARIBAS LOW DURATION FUND - Regular Plan - GROWTH OPTION,2005-10-17,exact_name_amc,master,high,False,Master dataset via exact_name_amc.
Baroda BNP Paribas Medium Duration Fund,Baroda BNP Paribas Mutual Fund,Debt,Medium Duration Funds,3,2,300,5000,0.69,37.0,9.0,3.9,5.0,3.5,,35.5787,,,,,,,unmatched,imputed_subcategory,synthetic,True,Synthetic peer-based NAV using 10 comparable schemes.
Baroda BNP Paribas Mid Cap Fund,Baroda BNP Paribas Mutual Fund,Equity,Mid Cap Mutual Funds,6,3,300,5000,0.59,1192.0,10.0,2.4,30.6,13.6,150209,103.6566,2026-04-10,2052.55,Open Ended,Equity Scheme - Mid Cap Fund,BARODA BNP PARIBAS Mid Cap Fund - Regular Plan - Growth Option,2006-03-13,exact_name_amc,master,high,False,Master dataset via exact_name_amc.
Baroda BNP Paribas Money Market Fund,Baroda BNP Paribas Mutual Fund,Debt,Money Market Funds,2,2,500,5000,0.2,111.0,4.0,5.0,4.1,,147377,1470.1724,2026-04-10,3948.6433,Open Ended,Debt Scheme - Money Market Fund,Baroda BNP Paribas Money Market Fund- Direct Plan - Growth,2019-06-13,exact_name_amc,master,high,False,Master dataset via exact_name_amc.
Baroda BNP Paribas Multi Cap Fund,Baroda BNP Paribas Mutual Fund,Equity,Multi Cap Funds,6,2,500,5000,1.1,1628.0,10.0,-1.7,28.8,12.3,102020,274.2463,2026-04-10,2530.4957999999997,Open Ended,Equity Scheme - Multi Cap Fund,Baroda BNP Paribas MULTI CAP FUND - Regular Plan - Growth Option,2003-08-14,exact_name_amc,master,high,False,Master dataset via exact_name_amc.
Baroda BNP Paribas Overnight Fund,Baroda BNP Paribas Mutual Fund,Debt,Overnight Mutual Funds,1,3,500,5000,0.08,423.0,4.0,5.4,3.9,,149989,1271.4187,2026-04-12,,Open Ended,Debt Scheme - Overnight Fund,Baroda BNP Paribas Overnight Fund - Plan C - Unclaimed Redemption - Up to 3 years,2019-04-23,exact_name_amc,master,high,False,Master dataset via exact_name_amc.
Baroda BNP Paribas Short Duration Fund,Baroda BNP Paribas Mutual Fund,Debt,Short Duration Funds,3,3,500,5000,0.37,235.0,10.0,4.2,5.7,6.7,113018,30.2889,2025-01-06,,Open Ended,Debt Scheme - Short Duration Fund,Baroda Pioneer Short Term Bond Fund,2010-06-14,exact_name_amc,archive_name,medium,False,Archive NAV matched using normalized scheme name.
Baroda BNP Paribas Ultra Short Duration Fund,Baroda BNP Paribas Mutual Fund,Debt,Ultra Short Duration Funds,2,3,500,5000,0.22,560.0,5.0,5.7,5.1,,143508,1640.2489,2026-04-10,538.8175,Open Ended,Debt Scheme - Ultra Short Duration Fund,Baroda BNP Paribas Ultra Short Duration Fund- Direct Plan- Growth,2018-05-24,exact_name_amc,master,high,False,Master dataset via exact_name_amc.
BHARAT Bond FOF – April 2025 – Direct Growth,Edelweiss Mutual Fund,Other,FoFs Domestic,2,2,500,1000,0.06,3912.0,3.0,2.6,,,148446,12.8931,2025-04-16,,Open Ended,Other Scheme - FoF Domestic,BHARAT Bond FOF- April 2025- Direct Pan- Growth Option,2020-07-14,exact_name_amc,master,high,False,Master dataset via exact_name_amc.
Canara Robeco Bluechip Equity Fund,Canara Robeco Mutual Fund,Equity,Large Cap Mutual Funds,6,5,1000,5000,0.48,8672.0,10.0,1.7,24.3,14.4,,525.2934,,,,,,,unmatched,imputed_subcategory_style,synthetic,True,Synthetic peer-based NAV using 6 comparable schemes.
Canara Robeco Conservative Hybrid Fund,Canara Robeco Mutual Fund,Hybrid,Conservative Hybrid Mutual Funds,4,5,1000,5000,0.57,1069.0,10.0,3.8,11.4,9.4,100601,96.4308,2026-04-10,558.9724,Open Ended,Hybrid Scheme - Conservative Hybrid Fund,CANARA ROBECO CONSERVATIVE HYBRID FUND - REGULAR PLAN - GROWTH OPTION,1988-04-24,exact_name_amc,master,high,False,Master dataset via exact_name_amc.
Canara Robeco Consumer Trends Fund,Canara Robeco Mutual Fund,Equity,Sectoral / Thematic Mutual Funds,6,4,1000,5000,1.0,935.0,10.0,7.1,26.7,15.1,112152,101.23,2026-04-10,1640.2572,Open Ended,Equity Scheme - Sectoral/ Thematic,CANARA ROBECO CONSUMER TRENDS FUND - REGULAR PLAN - GROWTH OPTION,2009-07-20,exact_name_amc,master,high,False,Master dataset via exact_name_amc.
Canara Robeco Corporate Bond Fund,Canara Robeco Mutual Fund,Debt,Corporate Bond Mutual Funds,2,3,1000,5000,0.39,191.0,9.0,4.0,6.0,6.7,126687,22.3728,2026-04-10,94.9003,Open Ended,Debt Scheme - Corporate Bond Fund,CANARA ROBECO CORPORATE BOND FUND - REGULAR PLAN - GROWTH OPTION,2014-01-17,exact_name_amc,master,high,False,Master dataset via exact_name_amc.
Canara Robeco Dynamic Bond Fund,Canara Robeco Mutual Fund,Debt,Dynamic Bond,3,3,1000,5000,0.66,116.0,10.0,4.7,5.3,6.6,111962,29.2447,2026-04-10,81.6507,Open Ended,Debt Scheme - Dynamic Bond,CANARA ROBECO DYNAMIC BOND FUND - REGULAR PLAN - GROWTH OPTION,2009-05-04,exact_name_amc,master,high,False,Master dataset via exact_name_amc.
Canara Robeco Emerging Equities – Direct Growth,Canara Robeco Mutual Fund,Equity,Large & Mid Cap Funds,6,3,1000,5000,0.6,15261.0,10.0,-0.2,27.0,12.6,,287.03,2025-01-06,,,,,,unmatched,archive_name,medium,False,Archive NAV matched using normalized scheme name.
Canara Robeco Equity Hybrid Fund,Canara Robeco Mutual Fund,Hybrid,Aggressive Hybrid Mutual Funds,6,4,1000,5000,0.63,8235.0,10.0,1.8,20.1,12.2,103271,387.37,2025-01-06,,Open Ended,Hybrid Scheme - Aggressive Hybrid Fund,CANBALANCE-II,1992-12-01,exact_name_amc,archive_name,medium,False,Archive NAV matched using normalized scheme name.
Canara Robeco Equity Tax Saver Fund,Canara Robeco Mutual Fund,Equity,ELSS Mutual Funds,6,5,500,500,0.64,4685.0,10.0,1.2,27.7,15.5,,107.1131,,,,,,,unmatched,imputed_subcategory,synthetic,True,Synthetic peer-based NAV using 5 comparable schemes.
Canara Robeco Flexi Cap Fund,Canara Robeco Mutual Fund,Equity,Flexi Cap Funds,6,4,1000,5000,0.55,8630.0,10.0,-0.9,24.8,13.8,101922,326.86,2026-04-10,11212.921999999999,Open Ended,Equity Scheme - Flexi Cap Fund,CANARA ROBECO FLEXICAP FUND - REGULAR PLAN - GROWTH OPTION,2003-08-29,exact_name_amc,master,high,False,Master dataset via exact_name_amc.
Canara Robeco Gilt Fund,Canara Robeco Mutual Fund,Debt,Gilt Mutual Funds,3,3,1000,5000,0.54,80.0,10.0,4.3,5.1,7.0,118299,81.5908,2026-04-10,69.25319999999999,Open Ended,Debt Scheme - Gilt Fund,CANARA ROBECO GILT FUND - DIRECT PLAN - GROWTH OPTION,1999-12-22,exact_name_amc,master,high,False,Master dataset via exact_name_amc.
Canara Robeco Income Fund,Canara Robeco Mutual Fund,Debt,Medium to Long Duration Funds,3,3,1000,5000,0.75,125.0,10.0,3.9,5.8,7.0,101590,59.7104,2025-01-06,,Open Ended,Debt Scheme - Medium to Long Duration Fund,CANINCOME-AUTOMATIC REPURCHASE PLAN,2002-08-20,exact_name_amc,archive_name,medium,False,Archive NAV matched using normalized scheme name.
Canara Robeco Infrastructure – Direct Growth,Canara Robeco Mutual Fund,Equity,Sectoral / Thematic Mutual Funds,6,3,1000,5000,1.32,247.0,10.0,13.7,34.9,12.2,118267,186.15,2026-04-10,202.9318,Open Ended,Equity Scheme - Sectoral/ Thematic,CANARA ROBECO INFRASTRUCTURE FUND - DIRECT PLAN - GROWTH OPTION,2005-10-11,exact_name_amc,master,high,False,Master dataset via exact_name_amc.
Canara Robeco Liquid Fund,Canara Robeco Mutual Fund,Debt,Liquid Mutual Funds,2,2,1000,5000,0.11,2548.0,10.0,5.6,4.1,5.1,118305,3315.8721,2026-04-12,5099.1655,Open Ended,Debt Scheme - Liquid Fund,CANARA ROBECO LIQUID FUND - DIRECT PLAN - GROWTH OPTION,2002-01-09,exact_name_amc,master,high,False,Master dataset via exact_name_amc.
Canara Robeco Overnight Fund,Canara Robeco Mutual Fund,Debt,Overnight Mutual Funds,1,2,0,5000,0.1,216.0,4.0,5.3,3.9,,147531,1392.6612,2026-04-12,298.9785,Open Ended,Debt Scheme - Overnight Fund,CANARA ROBECO OVERNIGHT FUND - DIRECT PLAN - GROWTH OPTION,2019-07-19,exact_name_amc,master,high,False,Master dataset via exact_name_amc.
Canara Robeco Savings Fund,Canara Robeco Mutual Fund,Debt,Low Duration Funds,2,2,1000,5000,0.31,1003.0,10.0,5.0,5.2,5.9,118291,45.4182,2026-04-10,1031.0445,Open Ended,Debt Scheme - Low Duration Fund,CANARA ROBECO SAVINGS FUND - DIRECT PLAN - GROWTH OPTION,2005-02-08,exact_name_amc,master,high,False,Master dataset via exact_name_amc.
Canara Robeco Short Duration Fund,Canara Robeco Mutual Fund,Debt,Short Duration Funds,2,3,1000,5000,0.47,520.0,10.0,4.1,5.9,6.5,115077,26.3144,2026-04-10,232.96040000000002,Open Ended,Debt Scheme - Short Duration Fund,CANARA ROBECO SHORT DURATION FUND - REGULAR PLAN - GROWTH OPTION,2011-04-01,exact_name_amc,master,high,False,Master dataset via exact_name_amc.
Canara Robeco Small Cap Fund,Canara Robeco Mutual Fund,Equity,Small Cap Mutual Funds,6,5,1000,5000,0.47,4831.0,4.0,-0.6,51.8,,146127,36.62,2026-04-10,8219.1078,Open Ended,Equity Scheme - Small Cap Fund,CANARA ROBECO SMALL CAP FUND - REGULAR PLAN - GROWTH OPTION,2019-01-25,exact_name_amc,master,high,False,Master dataset via exact_name_amc.
Canara Robeco Ultra Short Term Fund,Canara Robeco Mutual Fund,Debt,Ultra Short Duration Funds,2,2,500,500,0.4,565.0,10.0,5.2,4.5,5.3,109371,3968.0251,2026-04-10,354.51480000000004,Open Ended,Debt Scheme - Ultra Short Duration Fund,CANARA ROBECO ULTRA SHORT TERM FUND - REGULAR PLAN - GROWTH OPTION,2003-08-29,exact_name_amc,master,high,False,Master dataset via exact_name_amc.
DSP Arbitrage Fund,DSP Mutual Fund,Hybrid,Arbitrage Mutual Funds,1,3,500,500,0.35,1238.0,5.0,5.6,4.6,5.4,142283,16.427,2026-04-10,5267.0455,Open Ended,Hybrid Scheme - Arbitrage Fund,DSP Arbitrage Fund - Direct - Growth,2018-01-15,exact_name_amc,master,high,False,Master dataset via exact_name_amc.
DSP Banking & Psu Debt Fund,DSP Mutual Fund,Debt,Banking and PSU Mutual Funds,2,3,500,500,0.33,2463.0,10.0,4.0,6.4,6.9,124175,25.7015,2026-04-10,3061.0163000000002,Open Ended,Debt Scheme - Banking and PSU Fund,DSP Banking & PSU Debt Fund - Direct Plan - Growth,2013-09-10,exact_name_amc,master,high,False,Master dataset via exact_name_amc.
DSP Bond Fund,DSP Mutual Fund,Debt,Medium Duration Funds,3,3,500,500,0.39,333.0,10.0,3.8,6.1,4.9,100078,84.4557,2026-04-10,215.77630000000002,Open Ended,Debt Scheme - Medium Duration Fund,DSP Bond Fund - Growth,1997-04-07,exact_name_amc,master,high,False,Master dataset via exact_name_amc.
DSP Corporate Bond Fund,DSP Mutual Fund,Debt,Corporate Bond Mutual Funds,3,2,500,500,0.25,2065.0,5.0,2.6,5.6,,144646,17.0103,2026-04-10,2322.5896,Open Ended,Debt Scheme - Corporate Bond Fund,DSP Corporate Bond Fund - Direct - Growth,2018-08-23,exact_name_amc,master,high,False,Master dataset via exact_name_amc.
DSP Credit Risk Fund,DSP Mutual Fund,Debt,Credit Risk Funds,4,3,500,500,0.38,210.0,10.0,10.8,6.6,4.5,101841,45.6992,2025-01-06,,Open Ended,Debt Scheme - Credit Risk Fund,DSP Merrill Lynch Floating Rate Fund - Regular Plan-Institutional Plan,2003-05-12,exact_name_amc,archive_name,medium,False,Archive NAV matched using normalized scheme name.
DSP Dynamic Asset Allocation Fund,DSP Mutual Fund,Hybrid,Dynamic Asset Allocation or Balanced Advantage,5,3,500,500,0.71,3770.0,9.0,1.7,12.2,8.3,126394,27.952,2026-04-10,2873.9746,Open Ended,Hybrid Scheme - Dynamic Asset Allocation or Balanced Advantage,DSP Dynamic Asset Allocation Fund - Regular Plan - Growth,2014-01-17,exact_name_amc,master,high,False,Master dataset via exact_name_amc.
DSP Equity & Bond Fund,DSP Mutual Fund,Hybrid,Aggressive Hybrid Mutual Funds,6,3,500,500,0.78,7358.0,10.0,0.6,18.7,10.7,,335.9747,,,,,,,unmatched,imputed_subcategory_style,synthetic,True,Synthetic peer-based NAV using 6 comparable schemes.
DSP Equity Opportunities Fund,DSP Mutual Fund,Equity,Large & Mid Cap Funds,6,3,500,500,0.91,7110.0,10.0,3.2,31.6,11.7,,663.339,2025-01-06,,,,,,unmatched,archive_name,medium,False,Archive NAV matched using normalized scheme name.
DSP Equity Savings Fund,DSP Mutual Fund,Hybrid,Equity Savings Mutual Funds,4,2,500,500,0.4,535.0,7.0,4.0,14.6,7.8,136567,24.86,2026-04-10,1900.8182000000002,Open Ended,Hybrid Scheme - Equity Savings,DSP Equity Savings Fund - Direct Plan - Growth,2016-03-08,exact_name_amc,master,high,False,Master dataset via exact_name_amc.
DSP Flexi Cap Fund,DSP Mutual Fund,Equity,Flexi Cap Funds,6,3,500,500,0.76,7725.0,10.0,-0.1,22.8,12.0,105875,98.59,2026-04-10,9609.5882,Open Ended,Equity Scheme - Flexi Cap Fund,DSP Flexi Cap Fund - Regular Plan - Growth,1997-04-04,exact_name_amc,master,high,False,Master dataset via exact_name_amc.
DSP Floater Fund,DSP Mutual Fund,Debt,Floater Mutual Funds,2,1,500,500,0.24,983.0,2.0,4.4,,,148771,13.9185,2026-04-10,310.8383,Open Ended,Debt Scheme - Floater Fund,DSP Floater Fund - Direct Plan - Growth,2021-03-04,exact_name_amc,master,high,False,Master dataset via exact_name_amc.
DSP Focus Fund,DSP Mutual Fund,Equity,Focused Funds,6,2,500,500,1.08,1784.0,10.0,-1.7,20.4,8.9,,58.169,2025-01-06,,,,,,unmatched,archive_name,medium,False,Archive NAV matched using normalized scheme name.
DSP Global Allocation Fund,DSP Mutual Fund,Other,FoFs Overseas,6,0,500,500,1.43,70.0,9.0,0.6,12.6,7.9,,40.2008,,,,,,,unmatched,imputed_category_risk,synthetic,True,Synthetic peer-based NAV using 25 comparable schemes.
DSP G-Sec Fund,DSP Mutual Fund,Debt,Gilt Mutual Funds,3,4,500,500,0.54,430.0,10.0,4.4,5.9,8.6,,44.9738,,,,,,,unmatched,imputed_subcategory_style,synthetic,True,Synthetic peer-based NAV using 5 comparable schemes.
DSP Healthcare Fund,DSP Mutual Fund,Equity,Sectoral / Thematic Mutual Funds,6,0,500,500,1.04,1197.0,4.0,-3.6,26.9,,145456,36.948,2026-04-10,2032.0083,Open Ended,Equity Scheme - Sectoral/ Thematic,DSP Healthcare Fund - Regular Plan - Growth,2018-11-12,exact_name_amc,master,high,False,Master dataset via exact_name_amc.
DSP India T.I.G.E.R. Fund,DSP Mutual Fund,Equity,Sectoral / Thematic Mutual Funds,6,3,500,500,1.34,1797.0,10.0,15.8,36.4,11.9,102434,324.304,2026-04-10,4246.5822,Open Ended,Equity Scheme - Sectoral/ Thematic,DSP India T.I.G.E.R. Fund - Regular Plan - Growth,2004-04-27,exact_name_amc,master,high,False,Master dataset via exact_name_amc.
DSP Liquidity Fund,DSP Mutual Fund,Debt,Liquid Mutual Funds,3,3,500,500,0.15,13582.0,10.0,5.6,4.3,5.3,119125,3955.7929,2026-04-11,18228.8348,Open Ended,Debt Scheme - Liquid Fund,DSP Liquidity Fund - Direct Plan - Growth,2005-11-23,exact_name_amc,master,high,False,Master dataset via exact_name_amc.
DSP Low Duration Fund,DSP Mutual Fund,Debt,Low Duration Funds,2,2,500,500,0.3,3340.0,8.0,5.1,5.5,6.3,133925,21.4507,2026-04-10,4209.0668,Open Ended,Debt Scheme - Low Duration Fund,DSP Low Duration Fund - Direct Plan - Growth,2015-02-27,exact_name_amc,master,high,False,Master dataset via exact_name_amc.
DSP Midcap Fund,DSP Mutual Fund,Equity,Mid Cap Mutual Funds,6,2,500,500,0.77,13213.0,10.0,-3.9,21.1,9.5,104481,144.864,2026-04-10,15494.9545,Open Ended,Equity Scheme - Mid Cap Fund,DSP Midcap Fund - Regular Plan - Growth,2006-09-29,exact_name_amc,master,high,False,Master dataset via exact_name_amc.
DSP Natural Resources & New Energy – Direct Growth,DSP Mutual Fund,Equity,Sectoral / Thematic Mutual Funds,6,0,500,500,1.21,673.0,10.0,-0.7,44.3,12.0,119028,121.081,2026-04-10,803.0164,Open Ended,Equity Scheme - Sectoral/ Thematic,DSP Natural Resources and New Energy Fund - Direct Plan - Growth,2008-03-03,exact_name_amc,master,high,False,Master dataset via exact_name_amc.
DSP Nifty 50 Equal Weight Index Fund,DSP Mutual Fund,Other,Index Funds,6,3,500,500,0.4,498.0,5.0,2.2,30.9,10.7,141877,26.5349,2026-04-10,1490.6297,Open Ended,Other Scheme - Index Funds,DSP Nifty 50 Equal Weight Index Fund - Direct Plan - Growth,2017-09-29,exact_name_amc,master,high,False,Master dataset via exact_name_amc.
DSP Nifty 50 Index Fund,DSP Mutual Fund,Other,Index Funds,6,3,500,500,0.24,271.0,4.0,0.9,25.8,,146376,23.5865,2026-04-10,705.9100999999999,Open Ended,Other Scheme - Index Funds,DSP Nifty 50 Index Fund - Direct Plan - Growth,2019-02-11,exact_name_amc,master,high,False,Master dataset via exact_name_amc.
DSP Nifty Next 50 Index Fund,DSP Mutual Fund,Other,Index Funds,6,2,500,500,0.32,227.0,4.0,-6.3,21.8,,146381,26.7458,2026-04-10,837.9091000000001,Open Ended,Other Scheme - Index Funds,DSP Nifty Next 50 Index Fund - Direct Plan - Growth,2019-02-11,exact_name_amc,master,high,False,Master dataset via exact_name_amc.
DSP Overnight Fund,DSP Mutual Fund,Debt,Overnight Mutual Funds,1,4,500,500,0.06,2754.0,4.0,5.4,3.9,,149311,10.0013,2026-04-11,9.808200000000001,Open Ended,Debt Scheme - Overnight Fund,Unclaimed Redemption - Beyond 3 years (Invested in DSP Overnight Fund),2019-01-07,exact_name_amc,master,high,False,Master dataset via exact_name_amc.
DSP Regular Savings Fund,DSP Mutual Fund,Hybrid,Conservative Hybrid Mutual Funds,3,2,500,500,0.51,199.0,10.0,3.0,10.8,6.0,119106,56.9907,2026-04-10,6961.6117,Open Ended,Debt Scheme - Money Market Fund,DSP Savings Fund - Direct Plan - Growth,1999-09-20,exact_name_amc,master,high,False,Master dataset via exact_name_amc.
DSP Savings Fund,DSP Mutual Fund,Debt,Money Market Funds,3,2,500,500,0.25,3903.0,10.0,5.0,5.3,5.9,119106,56.9907,2026-04-10,6961.6117,Open Ended,Debt Scheme - Money Market Fund,DSP Savings Fund - Direct Plan - Growth,1999-09-20,exact_name_amc,master,high,False,Master dataset via exact_name_amc.
DSP Short Term Fund,DSP Mutual Fund,Debt,Short Duration Funds,2,2,500,500,0.3,2821.0,10.0,4.1,6.1,6.7,101302,48.3869,2025-01-06,,Open Ended,Debt Scheme - Short Duration Fund,DSP Merrill Lynch Short Term Fund--,2002-08-30,exact_name_amc,archive_name,medium,False,Archive NAV matched using normalized scheme name.
DSP Small Cap Fund,DSP Mutual Fund,Equity,Small Cap Mutual Funds,6,2,500,500,0.9,8953.0,10.0,0.7,38.9,12.5,105989,194.231,2026-04-10,12182.518100000001,Open Ended,Equity Scheme - Small Cap Fund,DSP Small Cap Fund - Regular - Growth,2007-05-04,exact_name_amc,master,high,False,Master dataset via exact_name_amc.
DSP Strategic Bond Fund,DSP Mutual Fund,Debt,Dynamic Bond,2,3,500,500,0.47,481.0,10.0,3.0,5.4,7.3,119239,3604.4763,2026-04-10,517.2196,Open Ended,Debt Scheme - Dynamic Bond,DSP Strategic Bond Fund - Direct Plan - Growth,2007-04-23,exact_name_amc,master,high,False,Master dataset via exact_name_amc.
DSP Tax Saver Fund,DSP Mutual Fund,Equity,ELSS Mutual Funds,6,4,500,500,0.81,10129.0,10.0,1.8,28.8,13.3,,106.8841,,,,,,,unmatched,imputed_subcategory,synthetic,True,Synthetic peer-based NAV using 5 comparable schemes.
DSP Top 100 Equity Fund,DSP Mutual Fund,Equity,Large Cap Mutual Funds,6,1,500,500,1.27,2605.0,10.0,3.6,21.8,8.9,,489.946,2025-01-06,,,,,,unmatched,archive_name,medium,False,Archive NAV matched using normalized scheme name.
DSP Ultra Short Fund,DSP Mutual Fund,Debt,Ultra Short Duration Funds,2,3,500,500,0.3,2736.0,10.0,5.5,4.9,5.5,119205,3888.9074,2026-04-10,1766.0132999999998,Open Ended,Debt Scheme - Ultra Short Duration Fund,DSP Ultra Short Fund - Direct Plan - Growth,2006-07-24,exact_name_amc,master,high,False,Master dataset via exact_name_amc.
DSP US Flexible Equity Fund,DSP Mutual Fund,Other,FoFs Overseas,6,0,500,500,1.52,770.0,10.0,2.2,23.8,13.6,,43.6479,,,,,,,unmatched,imputed_category_risk,synthetic,True,Synthetic peer-based NAV using 25 comparable schemes.
DSP World Gold Fund,DSP Mutual Fund,Other,FoFs Overseas,6,0,500,500,1.81,777.0,10.0,-9.0,14.8,10.2,,41.6392,,,,,,,unmatched,imputed_category_risk,synthetic,True,Synthetic peer-based NAV using 25 comparable schemes.
DSP World Mining Fund,DSP Mutual Fund,Other,FoFs Overseas,6,0,500,500,1.5,188.0,10.0,-5.4,37.1,15.0,,46.178,,,,,,,unmatched,imputed_category_risk,synthetic,True,Synthetic peer-based NAV using 25 comparable schemes.
Edelweiss Aggressive Hybrid Fund,Edelweiss Mutual Fund,Hybrid,Aggressive Hybrid Mutual Funds,6,4,500,5000,0.36,469.0,10.0,6.5,24.6,13.0,112108,62.58,2026-04-10,2902.2006,Open Ended,Hybrid Scheme - Aggressive Hybrid Fund,Edelweiss Aggressive Hybrid Fund - Regular Plan - Growth Option,2009-06-08,exact_name_amc,master,high,False,Master dataset via exact_name_amc.
Edelweiss Arbitrage Fund,Edelweiss Mutual Fund,Hybrid,Arbitrage Mutual Funds,1,5,500,5000,0.37,5393.0,9.0,5.8,5.0,5.7,130208,20.3696,2026-04-10,,Open Ended,Hybrid Scheme - Arbitrage Fund,Edelweiss Arbitrage Fund- Regular Plan -Bonus Option,2014-06-12,exact_name_amc,master,high,False,Master dataset via exact_name_amc.
Edelweiss Balanced Advantage Fund,Edelweiss Mutual Fund,Hybrid,Dynamic Asset Allocation or Balanced Advantage,6,4,500,5000,0.51,8780.0,10.0,2.9,18.5,12.0,112117,51.35,2026-04-10,10075.3436,Open Ended,Hybrid Scheme - Dynamic Asset Allocation or Balanced Advantage,Edelweiss Balanced Advantage Fund - Regular Plan - Growth Option,2009-08-03,exact_name_amc,master,high,False,Master dataset via exact_name_amc.
Edelweiss Banking & Psu Debt Fund,Edelweiss Mutual Fund,Debt,Banking and PSU Mutual Funds,3,2,500,5000,0.26,355.0,10.0,3.5,6.9,7.9,140286,26.4301,2026-04-10,311.9836,Open Ended,Debt Scheme - Banking and PSU Fund,Edelweiss Banking and PSU Debt Fund - Direct Plan - Growth Option,2013-08-26,exact_name_amc,master,high,False,Master dataset via exact_name_amc.
Edelweiss Equity Savings Fund,Edelweiss Mutual Fund,Hybrid,Equity Savings Mutual Funds,4,5,500,5000,0.7,258.0,8.0,4.4,12.1,9.0,140350,28.9515,2026-04-10,0.0014000000000000002,Open Ended,Hybrid Scheme - Equity Savings,Edelweiss Equity Savings Fund - Direct Plan - Bonus Option,2014-09-22,exact_name_amc,master,high,False,Master dataset via exact_name_amc.
Edelweiss Europe Dynamic Equity Offshore – Dir Growth,Edelweiss Mutual Fund,Other,FoFs Overseas,6,0,500,5000,1.5,83.0,9.0,9.2,25.2,7.6,140295,29.6224,2026-04-10,67.6238,Open Ended,Other Scheme - FoF Overseas,Edelweiss Europe Dynamic Equity Offshore Fund - Growth Option - Regular Plan,2014-01-17,exact_name_amc,master,high,False,Master dataset via exact_name_amc.
Edelweiss Flexi Cap Fund,Edelweiss Mutual Fund,Equity,Flexi Cap Funds,6,3,500,5000,0.56,1056.0,8.0,1.9,27.5,12.1,140355,37.476,2026-04-10,2678.0429,Open Ended,Equity Scheme - Flexi Cap Fund,Edelweiss Flexi Cap Fund - Regular Plan - Growth Option,2015-01-13,exact_name_amc,master,high,False,Master dataset via exact_name_amc.
Edelweiss Govt Securities Fund,Edelweiss Mutual Fund,Debt,Gilt Mutual Funds,3,5,500,5000,0.66,119.0,9.0,4.3,6.8,8.2,140297,24.4138,2026-04-10,80.3603,Open Ended,Debt Scheme - Gilt Fund,Edelweiss Government Securities Fund - Regular Plan - Growth Option,2014-02-05,exact_name_amc,master,high,False,Master dataset via exact_name_amc.
Edelweiss Greater China Equity Off-Shore Fund,Edelweiss Mutual Fund,Other,FoFs Overseas,6,0,500,5000,1.44,1897.0,10.0,-4.1,9.0,6.1,140243,66.741,2026-04-10,1681.2916,Open Ended,Other Scheme - FoF Overseas,Edelweiss Greater China Equity Off-shore Fund - Direct Plan - Growth Option,2009-07-09,exact_name_amc,master,high,False,Master dataset via exact_name_amc.
Edelweiss Large & Mid Cap Fund,Edelweiss Mutual Fund,Equity,Large & Mid Cap Funds,6,4,500,5000,0.6,1711.0,10.0,1.2,27.8,13.2,140172,85.858,2026-04-10,3963.1274,Open Ended,Equity Scheme - Large & Mid Cap Fund,Edelweiss Large & Mid Cap Fund - Regular Plan - Growth Option,2007-04-19,exact_name_amc,master,high,False,Master dataset via exact_name_amc.
Edelweiss Large Cap Fund,Edelweiss Mutual Fund,Equity,Large Cap Mutual Funds,6,4,500,5000,0.93,399.0,10.0,4.9,26.0,12.8,111940,81.63,2026-04-10,1164.4189,Open Ended,Equity Scheme - Large Cap Fund,Edelweiss Large Cap Fund - Regular Plan - Growth Option,2009-05-04,exact_name_amc,master,high,False,Master dataset via exact_name_amc.
Edelweiss Liquid Fund,Edelweiss Mutual Fund,Debt,Liquid Mutual Funds,3,4,500,5000,0.15,1543.0,10.0,5.6,4.4,5.4,140194,2080.0603,2026-04-12,0.1005,Open Ended,Debt Scheme - Liquid Fund,Edelweiss Liquid Fund - Direct Plan - Bonus Option,2007-09-18,exact_name_amc,master,high,False,Master dataset via exact_name_amc.
Edelweiss Long Term Equity Fund,Edelweiss Mutual Fund,Equity,ELSS Mutual Funds,6,3,500,500,0.69,209.0,10.0,0.9,25.6,10.2,,104.551,,,,,,,unmatched,imputed_subcategory,synthetic,True,Synthetic peer-based NAV using 5 comparable schemes.
Edelweiss Mid Cap Fund,Edelweiss Mutual Fund,Equity,Mid Cap Mutual Funds,6,4,500,5000,0.57,2530.0,10.0,4.9,35.5,14.0,140225,100.161,2026-04-10,10370.3913,Open Ended,Equity Scheme - Mid Cap Fund,Edelweiss Mid Cap Fund - Regular Plan - Growth Option,2007-11-09,exact_name_amc,master,high,False,Master dataset via exact_name_amc.
Edelweiss Money Market Fund,Edelweiss Mutual Fund,Debt,Money Market Funds,2,1,500,5000,0.26,346.0,10.0,4.9,4.7,7.3,140237,32.9442,2026-04-10,1929.4728,Open Ended,Debt Scheme - Money Market Fund,Edelweiss Money Market Fund - Direct Plan - Growth Option,2008-06-09,exact_name_amc,master,high,False,Master dataset via exact_name_amc.
Edelweiss Overnight Fund,Edelweiss Mutual Fund,Debt,Overnight Mutual Funds,1,2,500,5000,0.1,480.0,4.0,5.3,3.9,,149478,1276.8581,2026-04-12,6.3985,Open Ended,Debt Scheme - Overnight Fund,Edelweiss Overnight Fund - Unclaimed Redemption Plan - Upto 3 years,2019-07-23,exact_name_amc,master,high,False,Master dataset via exact_name_amc.
Edelweiss Recently Listed IPO Fund,Edelweiss Mutual Fund,Equity,Sectoral / Thematic Mutual Funds,6,0,500,5000,0.61,859.0,5.0,-13.8,24.3,10.9,142383,26.4966,2026-04-10,649.4391,Open Ended,Equity Scheme - Sectoral/ Thematic,Edelweiss Recently Listed IPO Fund Regular Plan Growth,2018-02-02,exact_name_amc,master,high,False,Master dataset via exact_name_amc.
Edelweiss Small Cap Fund,Edelweiss Mutual Fund,Equity,Small Cap Mutual Funds,6,4,500,5000,0.6,1458.0,4.0,3.0,42.5,,146193,41.743,2026-04-10,4195.66,Open Ended,Equity Scheme - Small Cap Fund,Edelweiss Small Cap Fund - Regular Plan - Growth,2019-01-18,exact_name_amc,master,high,False,Master dataset via exact_name_amc.
Edelweiss US Value Equity Offshore Fund,Edelweiss Mutual Fund,Other,FoFs Overseas,6,0,500,5000,1.43,90.0,10.0,2.0,23.8,11.5,140273,38.9013,2026-04-10,128.5566,Open Ended,Other Scheme - FoF Overseas,Edelweiss US Value Equity Offshore Fund - Regular Plan - Growth Option,2013-07-17,exact_name_amc,master,high,False,Master dataset via exact_name_amc.
Franklin Build India Fund,Franklin Templeton Mutual Fund,Equity,Sectoral / Thematic Mutual Funds,6,3,500,5000,1.3,1184.0,10.0,16.0,36.1,13.3,112092,143.6961,2026-04-10,2162.6953,Open Ended,Equity Scheme - Sectoral/ Thematic,Franklin Build India Fund Growth Plan,2009-07-10,exact_name_amc,master,high,False,Master dataset via exact_name_amc.
Franklin India Banking & PSU Debt Fund,Franklin Templeton Mutual Fund,Debt,Banking and PSU Mutual Funds,2,2,500,5000,0.16,712.0,9.0,4.2,6.1,7.2,129006,23.4736,2026-04-10,309.3181,Open Ended,Debt Scheme - Banking and PSU Fund,Franklin India Banking & PSU Debt Fund - Growth,2014-04-02,exact_name_amc,master,high,False,Master dataset via exact_name_amc.
Franklin India Bluechip Fund,Franklin Templeton Mutual Fund,Equity,Large Cap Mutual Funds,6,2,500,5000,1.01,6205.0,10.0,-1.0,25.1,9.7,,1086.0678,2025-01-06,,,,,,unmatched,archive_name,medium,False,Archive NAV matched using normalized scheme name.
Franklin India Corporate Debt Fund,Franklin Templeton Mutual Fund,Debt,Corporate Bond Mutual Funds,2,3,500,10000,0.21,748.0,10.0,4.4,6.3,7.0,100532,0.0,2015-06-08,,Open Ended,Debt Scheme - Corporate Bond Fund,Franklin India Corporate Debt Fund - Monthly Bonus,1997-06-24,exact_name_amc,master,high,False,Master dataset via exact_name_amc.
Franklin India Debt Hybrid Fund,Franklin Templeton Mutual Fund,Hybrid,Conservative Hybrid Mutual Funds,4,3,500,10000,0.57,246.0,10.0,5.1,9.8,7.0,,95.3801,2025-01-06,,,,,,unmatched,archive_name,medium,False,Archive NAV matched using normalized scheme name.
Franklin India Dynamic Asset Allocation FoFs-Dir-G,Franklin Templeton Mutual Fund,Other,FoFs Domestic,4,3,500,5000,0.46,1103.0,10.0,5.9,18.2,9.2,,46.1803,,,,,,,unmatched,imputed_subcategory,synthetic,True,Synthetic peer-based NAV using 9 comparable schemes.
Franklin India Equity Advantage Fund,Franklin Templeton Mutual Fund,Equity,Large & Mid Cap Funds,6,2,500,5000,1.37,2556.0,10.0,-0.9,27.7,9.2,,663.5373,,,,,,,unmatched,imputed_subcategory_style,synthetic,True,Synthetic peer-based NAV using 5 comparable schemes.
Franklin India Equity Hybrid Fund,Franklin Templeton Mutual Fund,Hybrid,Aggressive Hybrid Mutual Funds,6,3,500,5000,1.2,1347.0,10.0,5.3,22.5,11.0,,299.7283,2025-01-06,,,,,,unmatched,archive_name,medium,False,Archive NAV matched using normalized scheme name.
Franklin India Equity Savings Fund,Franklin Templeton Mutual Fund,Hybrid,Equity Savings Mutual Funds,3,3,500,5000,0.71,153.0,5.0,4.8,14.0,,144461,16.7238,2026-04-10,615.7768,Open Ended,Hybrid Scheme - Equity Savings,Franklin India Equity Savings Fund- Growth,2018-08-03,exact_name_amc,master,high,False,Master dataset via exact_name_amc.
Franklin India Feeder – Franklin U.S. Opp.-Dir Growth,Franklin Templeton Mutual Fund,Other,FoFs Overseas,6,0,500,5000,0.72,2880.0,10.0,-12.1,17.4,11.6,,42.2692,,,,,,,unmatched,imputed_category_risk,synthetic,True,Synthetic peer-based NAV using 25 comparable schemes.
Franklin India Flexi Cap Fund,Franklin Templeton Mutual Fund,Equity,Flexi Cap Funds,6,4,500,5000,1.1,9989.0,10.0,3.8,31.1,12.0,100520,1560.7759,2026-04-10,13767.2369,Open Ended,Equity Scheme - Flexi Cap Fund,Franklin India Flexi Cap Fund - Growth,1994-09-29,exact_name_amc,master,high,False,Master dataset via exact_name_amc.
Franklin India Floating Rate Fund,Franklin Templeton Mutual Fund,Debt,Floater Mutual Funds,2,4,500,1000,0.21,311.0,10.0,5.8,5.6,6.2,101048,42.6588,2026-04-10,242.3546,Open Ended,Debt Scheme - Floater Fund,Franklin India Floating Rate Fund - Growth Plan,2001-04-23,exact_name_amc,master,high,False,Master dataset via exact_name_amc.
Franklin India Focused Equity Fund,Franklin Templeton Mutual Fund,Equity,Focused Funds,6,4,500,5000,1.16,8022.0,10.0,5.1,30.9,12.9,105817,100.3576,2026-04-10,9526.8389,Open Ended,Equity Scheme - Focused Fund,Franklin India Focused Equity Fund - Growth Plan,2007-05-31,exact_name_amc,master,high,False,Master dataset via exact_name_amc.
Franklin India G-Sec Fund,Franklin Templeton Mutual Fund,Debt,Gilt Mutual Funds,3,2,500,10000,0.57,121.0,10.0,3.5,4.1,6.3,,44.3438,,,,,,,unmatched,imputed_subcategory_style,synthetic,True,Synthetic peer-based NAV using 5 comparable schemes.
Franklin India Liquid Fund,Franklin Templeton Mutual Fund,Debt,Liquid Mutual Funds,2,3,500,10000,0.13,1511.0,10.0,5.6,4.3,5.4,100545,5735.508,2025-01-06,,Open Ended,Debt Scheme - Liquid Fund,Templeton India Treasury Management Account-Super Institutional Plan,1998-04-29,exact_name_amc,archive_name,medium,False,Archive NAV matched using normalized scheme name.
Franklin India Multi-Asset Solution Fund,Franklin Templeton Mutual Fund,Other,FoFs Domestic,4,1,500,5000,0.44,45.0,8.0,4.1,8.7,5.3,,42.2111,,,,,,,unmatched,imputed_subcategory,synthetic,True,Synthetic peer-based NAV using 9 comparable schemes.
Franklin India NSE Nifty 50 Index Fund,Franklin Templeton Mutual Fund,Other,Index Funds,6,3,500,5000,0.24,482.0,10.0,0.9,25.6,11.6,100484,194.0716,2026-04-10,395.19489999999996,Open Ended,Other Scheme - Index Funds,Franklin India Index Fund- NSE Nifty 50 Index Fund - Growth,2000-08-04,exact_name_amc,master,high,False,Master dataset via exact_name_amc.
Franklin India Opportunities Fund,Franklin Templeton Mutual Fund,Equity,Sectoral / Thematic Mutual Funds,6,0,500,5000,1.79,657.0,10.0,7.9,31.0,11.5,103151,242.5838,2026-04-10,7120.1013,Open Ended,Equity Scheme - Sectoral/ Thematic,Franklin India Opportunities Fund - Growth,2000-02-21,exact_name_amc,master,high,False,Master dataset via exact_name_amc.
Franklin India Overnight Fund,Franklin Templeton Mutual Fund,Debt,Overnight Mutual Funds,1,2,500,5000,0.1,152.0,4.0,5.3,3.8,,149446,12.7732,2026-04-12,57.2846,Open Ended,Debt Scheme - Overnight Fund,Franklin India Overnight Fund- Unclaimed Redemption Plan,2019-05-07,exact_name_amc,master,high,False,Master dataset via exact_name_amc.
Franklin India Prima Fund,Franklin Templeton Mutual Fund,Equity,Mid Cap Mutual Funds,6,2,500,5000,1.06,7359.0,10.0,4.5,26.6,10.0,,3063.2095,2025-01-06,,,,,,unmatched,archive_name,medium,False,Archive NAV matched using normalized scheme name.
Franklin India Savings Fund,Franklin Templeton Mutual Fund,Debt,Money Market Funds,2,3,500,10000,0.1,1084.0,10.0,5.3,5.2,6.1,,1388.4947,,,,,,,unmatched,imputed_subcategory,synthetic,True,Synthetic peer-based NAV using 16 comparable schemes.
Franklin India Smaller Companies Fund,Franklin Templeton Mutual Fund,Equity,Small Cap Mutual Funds,6,2,500,5000,1.03,7308.0,10.0,10.5,38.8,11.2,,199.3709,2025-01-06,,,,,,unmatched,archive_name,medium,False,Archive NAV matched using normalized scheme name.
Franklin India Taxshield – Direct Growth,Franklin Templeton Mutual Fund,Equity,ELSS Mutual Funds,6,3,500,500,1.12,4584.0,10.0,4.9,29.3,11.4,,106.4912,,,,,,,unmatched,imputed_subcategory,synthetic,True,Synthetic peer-based NAV using 5 comparable schemes.
Franklin India Technology Fund,Franklin Templeton Mutual Fund,Equity,Sectoral / Thematic Mutual Funds,6,0,500,5000,1.22,712.0,10.0,-11.9,29.9,15.9,100522,446.6904,2026-04-10,1457.3613,Open Ended,Equity Scheme - Sectoral/ Thematic,Franklin India Technology Fund-Growth,1998-08-22,exact_name_amc,master,high,False,Master dataset via exact_name_amc.
HDFC Arbitrage Fund,HDFC Mutual Fund,Hybrid,Arbitrage Mutual Funds,1,2,100,100,0.43,5886.0,9.0,5.6,4.5,5.2,129052,21.189,2026-04-10,16339.3872,Open Ended,Hybrid Scheme - Arbitrage Fund,HDFC ARBITRAGE FUND - Wholesale Growth Option - Direct Plan,2007-09-28,exact_name_amc,master,high,False,Master dataset via exact_name_amc.
HDFC Balanced Advantage Fund,HDFC Mutual Fund,Hybrid,Dynamic Asset Allocation or Balanced Advantage,6,4,100,100,0.88,51042.0,10.0,14.4,29.3,12.9,100119,511.262,2026-04-10,53988.6013,Open Ended,Hybrid Scheme - Dynamic Asset Allocation or Balanced Advantage,HDFC Balanced Advantage Fund - Growth Plan,2000-07-20,exact_name_amc,master,high,False,Master dataset via exact_name_amc.
HDFC Banking and PSU Debt Fund,HDFC Mutual Fund,Debt,Banking and PSU Mutual Funds,2,4,100,100,0.39,4805.0,9.0,4.3,6.8,7.2,128629,24.8547,2026-04-10,3373.3423,Open Ended,Debt Scheme - Banking and PSU Fund,HDFC Banking and PSU Debt Fund - Growth Option - Direct Plan,2014-03-20,exact_name_amc,master,high,False,Master dataset via exact_name_amc.
HDFC Capital Builder Value Fund,HDFC Mutual Fund,Equity,Value Funds,6,2,100,100,1.04,5227.0,10.0,-0.7,33.7,11.3,,784.094,2025-01-06,,,,,,unmatched,archive_name,medium,False,Archive NAV matched using normalized scheme name.
HDFC Children’s Gift Fund,HDFC Mutual Fund,Solution Oriented,Childrens Funds,6,0,100,100,0.96,6157.0,10.0,10.5,26.8,12.9,,63.3929,,,,,,,unmatched,imputed_global,synthetic,True,Synthetic peer-based NAV using 504 comparable schemes.
HDFC Corporate Bond Fund,HDFC Mutual Fund,Debt,Corporate Bond Mutual Funds,3,3,100,100,0.32,23486.0,10.0,4.1,6.9,7.3,118987,34.374,2026-04-10,25623.636000000002,Open Ended,Debt Scheme - Corporate Bond Fund,HDFC Corporate Bond Fund - Growth Option - Direct Plan,2010-06-25,exact_name_amc,master,high,False,Master dataset via exact_name_amc.
HDFC Credit Risk Debt Fund,HDFC Mutual Fund,Debt,Credit Risk Funds,4,3,100,100,0.95,8437.0,9.0,4.6,8.0,7.7,128053,25.2532,2026-04-10,4257.780900000001,Open Ended,Debt Scheme - Credit Risk Fund,HDFC Credit Risk Debt Fund - Growth Option,2014-03-06,exact_name_amc,master,high,False,Master dataset via exact_name_amc.
HDFC Dynamic Debt Fund,HDFC Mutual Fund,Debt,Dynamic Bond,3,4,100,100,0.49,527.0,10.0,4.6,7.3,6.1,101872,90.4665,2026-04-10,350.0711,Open Ended,Debt Scheme - Dynamic Bond,HDFC Dynamic Debt Fund - Growth Option,1997-04-28,exact_name_amc,master,high,False,Master dataset via exact_name_amc.
HDFC Dynamic PE Ratio Fund,HDFC Mutual Fund,Other,FoFs Domestic,5,4,100,100,0.22,30.0,10.0,8.6,21.9,11.1,,47.1177,,,,,,,unmatched,imputed_subcategory,synthetic,True,Synthetic peer-based NAV using 9 comparable schemes.
HDFC Equity Savings Fund,HDFC Mutual Fund,Hybrid,Equity Savings Mutual Funds,4,4,100,100,1.1,2524.0,10.0,5.1,16.0,8.8,101585,66.669,2026-04-10,3865.8069,Open Ended,Hybrid Scheme - Equity Savings,HDFC Equity Savings Fund - GROWTH PLAN,2004-08-20,exact_name_amc,master,high,False,Master dataset via exact_name_amc.
HDFC Flexi Cap Fund,HDFC Mutual Fund,Equity,Flexi Cap Funds,6,4,100,100,1.0,31672.0,10.0,12.4,34.5,14.0,101762,1968.8,2026-04-10,63522.07,Open Ended,Equity Scheme - Flexi Cap Fund,HDFC Flexi Cap Fund - Growth Plan,1994-12-08,exact_name_amc,master,high,False,Master dataset via exact_name_amc.
HDFC Floating Rate Debt Fund,HDFC Mutual Fund,Debt,Floater Mutual Funds,3,4,100,100,0.26,14785.0,10.0,5.6,6.5,6.9,118961,53.4351,2026-04-10,14132.4892,Open Ended,Debt Scheme - Floater Fund,HDFC Floating Rate Debt Fund - Direct Plan - Growth Option,2007-10-23,exact_name_amc,master,high,False,Master dataset via exact_name_amc.
HDFC Focused 30 Fund,HDFC Mutual Fund,Equity,Focused Funds,6,3,100,100,0.54,3609.0,10.0,16.0,35.8,11.9,,242.047,2025-01-06,,,,,,unmatched,archive_name,medium,False,Archive NAV matched using normalized scheme name.
HDFC Gilt Fund,HDFC Mutual Fund,Debt,Gilt Mutual Funds,3,2,100,100,0.46,1739.0,10.0,3.6,4.9,6.4,119116,58.8403,2026-04-10,1627.4955,Open Ended,Debt Scheme - Gilt Fund,HDFC Gilt Fund - Growth Option - Direct Plan,2001-07-16,exact_name_amc,master,high,False,Master dataset via exact_name_amc.
HDFC Gold Fund,HDFC Mutual Fund,Other,FoFs Domestic,5,5,100,100,0.18,1402.0,10.0,14.2,12.3,13.4,,45.692,,,,,,,unmatched,imputed_subcategory,synthetic,True,Synthetic peer-based NAV using 9 comparable schemes.
HDFC Housing Opportunities Fund,HDFC Mutual Fund,Equity,Sectoral / Thematic Mutual Funds,6,0,100,100,1.28,1081.0,5.0,9.8,27.1,7.9,141923,21.28,2026-04-10,967.8012,Open Ended,Equity Scheme - Sectoral/ Thematic,HDFC Housing Opportunities Fund  - Growth Option,2017-11-16,exact_name_amc,master,high,False,Master dataset via exact_name_amc.
HDFC Hybrid Debt Fund,HDFC Mutual Fund,Hybrid,Conservative Hybrid Mutual Funds,4,3,100,100,1.33,2695.0,10.0,6.0,13.3,8.4,102147,82.6738,2026-04-10,2440.7652,Open Ended,Hybrid Scheme - Conservative Hybrid Fund,HDFC Hybrid Debt Fund - Growth Plan,2003-11-17,exact_name_amc,master,high,False,Master dataset via exact_name_amc.
HDFC Hybrid Equity Fund,HDFC Mutual Fund,Hybrid,Aggressive Hybrid Mutual Funds,6,3,100,100,1.09,18729.0,10.0,7.7,25.6,11.3,102948,112.199,2026-04-10,17325.3269,Open Ended,Hybrid Scheme - Aggressive Hybrid Fund,HDFC Hybrid Equity Fund - Growth Plan,2005-02-28,exact_name_amc,master,high,False,Master dataset via exact_name_amc.
HDFC Income Fund,HDFC Mutual Fund,Debt,Medium to Long Duration Funds,3,3,100,100,0.51,528.0,10.0,3.8,5.2,6.1,100124,58.9741,2026-04-10,441.2243,Open Ended,Debt Scheme - Medium to Long Duration Fund,HDFC Income Fund - Growth Option,2000-09-11,exact_name_amc,master,high,False,Master dataset via exact_name_amc.
HDFC Index Fund,HDFC Mutual Fund,Other,Index Funds,6,4,100,100,0.2,4210.0,10.0,2.4,25.8,12.8,,43.5184,,,,,,,unmatched,imputed_subcategory_style,synthetic,True,Synthetic peer-based NAV using 6 comparable schemes.
HDFC Index Fund,HDFC Mutual Fund,Other,Index Funds,6,3,100,100,0.2,7457.0,10.0,0.9,26.0,12.0,,43.4488,,,,,,,unmatched,imputed_subcategory_style,synthetic,True,Synthetic peer-based NAV using 6 comparable schemes.
HDFC Infrastructure Fund,HDFC Mutual Fund,Equity,Sectoral / Thematic Mutual Funds,6,1,100,100,1.75,593.0,10.0,16.5,34.3,5.3,107524,45.601,2026-04-10,1602.4472,Open Ended,Equity Scheme - Sectoral/ Thematic,HDFC Infrastructure Fund - Growth Plan,2008-01-08,exact_name_amc,master,high,False,Master dataset via exact_name_amc.
HDFC Large and Mid Cap Fund,HDFC Mutual Fund,Equity,Large & Mid Cap Funds,6,3,100,100,1.03,7897.0,10.0,6.3,33.3,12.8,130496,326.826,2026-04-10,22359.3382,Open Ended,Equity Scheme - Large & Mid Cap Fund,HDFC Large and Mid Cap Fund - Growth Option,1994-01-06,exact_name_amc,master,high,False,Master dataset via exact_name_amc.
HDFC Liquid Fund,HDFC Mutual Fund,Debt,Liquid Mutual Funds,2,2,300,5000,0.2,49008.0,10.0,5.6,4.3,5.3,119091,5432.4174,2026-04-12,48461.8788,Open Ended,Debt Scheme - Liquid Fund,HDFC Liquid Fund - Growth Option - Direct Plan,2000-10-17,exact_name_amc,master,high,False,Master dataset via exact_name_amc.
HDFC Low Duration Fund,HDFC Mutual Fund,Debt,Low Duration Funds,2,4,100,100,0.43,14779.0,10.0,5.4,6.2,6.7,118942,65.7417,2026-04-10,15702.1821,Open Ended,Debt Scheme - Low Duration Fund,HDFC Low Duration  Fund - Direct Plan - Growth,2007-04-24,exact_name_amc,master,high,False,Master dataset via exact_name_amc.
HDFC Medium Term Debt Fund,HDFC Mutual Fund,Debt,Medium Duration Funds,4,3,100,100,0.58,3538.0,10.0,4.1,6.9,7.4,101989,58.6437,2026-04-10,2096.6784,Open Ended,Debt Scheme - Medium Duration Fund,HDFC Medium Term Debt Fund - Growth Option,2002-02-06,exact_name_amc,master,high,False,Master dataset via exact_name_amc.
HDFC Mid-Cap Opportunities Fund,HDFC Mutual Fund,Equity,Mid Cap Mutual Funds,6,3,100,100,0.95,35009.0,10.0,11.9,34.2,13.1,,206.217,2025-01-06,,,,,,unmatched,archive_name,medium,False,Archive NAV matched using normalized scheme name.
HDFC Money Market Fund,HDFC Mutual Fund,Debt,Money Market Funds,3,3,100,100,0.21,15176.0,10.0,5.6,5.6,6.3,119092,6129.7674,2026-04-10,22245.5421,Open Ended,Debt Scheme - Money Market Fund,HDFC Money Market Fund - Growth Option - Direct Plan,1999-11-18,exact_name_amc,master,high,False,Master dataset via exact_name_amc.
HDFC Multi-Asset Fund,HDFC Mutual Fund,Hybrid,Multi Asset Allocation Mutual Funds,6,4,100,100,0.88,1643.0,10.0,6.9,23.0,10.9,,74.133,2025-01-06,,,,,,unmatched,archive_name,medium,False,Archive NAV matched using normalized scheme name.
HDFC Overnight Fund,HDFC Mutual Fund,Debt,Overnight Mutual Funds,1,2,300,100,0.1,20146.0,10.0,5.3,3.8,4.6,119110,3999.6667,2026-04-12,9001.3128,Open Ended,Debt Scheme - Overnight Fund,HDFC Overnight Fund - Growth Option - Direct Plan,2002-02-06,exact_name_amc,master,high,False,Master dataset via exact_name_amc.
HDFC Retirement Savings Fund,HDFC Mutual Fund,Solution Oriented,Retirement Funds,6,5,100,100,0.78,2696.0,7.0,11.6,34.9,14.8,,61.6318,,,,,,,unmatched,imputed_global,synthetic,True,Synthetic peer-based NAV using 504 comparable schemes.
HDFC Retirement Savings Fund,HDFC Mutual Fund,Solution Oriented,Retirement Funds,6,4,100,100,1.03,932.0,7.0,8.0,24.5,12.3,,58.8248,,,,,,,unmatched,imputed_global,synthetic,True,Synthetic peer-based NAV using 504 comparable schemes.
HDFC Retirement Savings Fund,HDFC Mutual Fund,Solution Oriented,Retirement Funds,4,4,100,100,1.0,140.0,7.0,6.0,10.3,7.8,,54.8694,,,,,,,unmatched,imputed_global,synthetic,True,Synthetic peer-based NAV using 504 comparable schemes.
HDFC Short Term Debt Fund,HDFC Mutual Fund,Debt,Short Duration Funds,3,3,100,100,0.29,11028.0,10.0,4.7,7.0,7.3,119016,34.497,2026-04-10,11821.172199999999,Open Ended,Debt Scheme - Short Duration Fund,HDFC Short Term  Debt Fund - Growth Option - Direct Plan,2010-06-21,exact_name_amc,master,high,False,Master dataset via exact_name_amc.
HDFC Small Cap Fund,HDFC Mutual Fund,Equity,Small Cap Mutual Funds,6,3,100,100,0.8,14648.0,10.0,12.5,43.5,13.5,130502,129.172,2026-04-10,23368.996,Open Ended,Equity Scheme - Small Cap Fund,HDFC Small Cap Fund - Growth Option,2008-02-11,exact_name_amc,master,high,False,Master dataset via exact_name_amc.
HDFC Tax Saver Fund,HDFC Mutual Fund,Equity,ELSS Mutual Funds,6,2,500,500,1.15,9723.0,10.0,10.0,31.0,10.3,,106.8568,,,,,,,unmatched,imputed_subcategory,synthetic,True,Synthetic peer-based NAV using 5 comparable schemes.
HDFC Top 100 Fund,HDFC Mutual Fund,Equity,Large Cap Mutual Funds,6,2,100,100,1.11,22139.0,10.0,6.6,28.6,11.9,,530.3752,,,,,,,unmatched,imputed_subcategory_style,synthetic,True,Synthetic peer-based NAV using 6 comparable schemes.
HDFC Ultra Short Term Fund,HDFC Mutual Fund,Debt,Ultra Short Duration Funds,3,4,100,100,0.34,13303.0,5.0,5.4,5.5,,145034,16.2432,2026-04-10,11792.7043,Open Ended,Debt Scheme - Ultra Short Duration Fund,HDFC Ultra Short Term Fund - Direct Plan-Growth Option,2018-09-18,exact_name_amc,master,high,False,Master dataset via exact_name_amc.
HSBC Aggressive Hybrid Fund,HSBC Mutual Fund,Hybrid,Aggressive Hybrid Mutual Funds,6,2,500,5000,0.87,4636.0,10.0,-1.2,19.5,8.1,151120,54.75,2026-04-10,4536.4824,Open Ended,Hybrid Scheme - Aggressive Hybrid Fund,HSBC Aggressive Hybrid Fund - Regular Growth,2011-01-17,exact_name_amc,master,high,False,Master dataset via exact_name_amc.
HSBC Arbitrage Fund,HSBC Mutual Fund,Hybrid,Arbitrage Mutual Funds,1,4,500,5000,0.29,2344.0,9.0,5.4,4.7,5.5,151134,19.8581,2026-04-10,1382.1142000000002,Open Ended,Hybrid Scheme - Arbitrage Fund,HSBC Arbitrage Fund - Regular Growth,2014-06-26,exact_name_amc,master,high,False,Master dataset via exact_name_amc.
HSBC Asia Pacific (Ex Japan) DYF – Direct Growth,HSBC Mutual Fund,Other,FoFs Overseas,6,0,500,5000,1.29,8.4,9.0,-4.2,13.6,5.7,,40.1008,,,,,,,unmatched,imputed_category_risk,synthetic,True,Synthetic peer-based NAV using 25 comparable schemes.
HSBC Balanced Advantage Fund,HSBC Mutual Fund,Hybrid,Dynamic Asset Allocation or Balanced Advantage,4,3,500,5000,0.78,1511.0,10.0,3.5,13.4,8.0,151127,42.594,2026-04-10,1372.9981,Open Ended,Hybrid Scheme - Dynamic Asset Allocation or Balanced Advantage,HSBC Balanced Advantage Fund - Regular Growth,2011-01-17,exact_name_amc,master,high,False,Master dataset via exact_name_amc.
HSBC Banking and PSU Debt Fund,HSBC Mutual Fund,Debt,Banking and PSU Mutual Funds,3,1,500,5000,0.23,3779.0,10.0,2.2,6.0,6.5,151107,26.5551,2026-04-10,3761.0759000000003,Open Ended,Debt Scheme - Banking and PSU Fund,HSBC Banking and PSU Debt Fund - Direct Growth,2007-09-19,exact_name_amc,master,high,False,Master dataset via exact_name_amc.
HSBC Business Cycles Fund,HSBC Mutual Fund,Equity,Sectoral / Thematic Mutual Funds,6,0,500,5000,1.42,535.0,9.0,7.0,28.0,8.7,151144,39.9481,2026-04-10,975.8429,Open Ended,Equity Scheme - Sectoral/ Thematic,HSBC Business Cycles Fund - Regular Growth,2014-07-30,exact_name_amc,master,high,False,Master dataset via exact_name_amc.
HSBC Conservative Hybrid Fund,HSBC Mutual Fund,Hybrid,Conservative Hybrid Mutual Funds,4,3,500,5000,1.34,122.0,10.0,2.3,10.3,7.5,102262,61.7964,2026-04-10,101.647,Open Ended,Hybrid Scheme - Conservative Hybrid Fund,HSBC Conservative Hybrid Fund - Regular Growth,2004-01-22,exact_name_amc,master,high,False,Master dataset via exact_name_amc.
HSBC Corporate Bond Fund,HSBC Mutual Fund,Debt,Corporate Bond Mutual Funds,2,2,500,5000,0.35,157.0,2.0,1.7,32.4,13.3,150995,28.8616,2026-04-10,9.957,Open Ended,Debt Scheme - Corporate Bond Fund,HSBC Corporate Bond Fund -Regular Plan - Bonus,1997-02-10,exact_name_amc,master,high,False,Master dataset via exact_name_amc.
HSBC Corporate Bond Fund,HSBC Mutual Fund,Debt,Corporate Bond Mutual Funds,3,1,500,5000,0.29,6772.0,10.0,3.3,6.6,7.6,150995,28.8616,2026-04-10,9.957,Open Ended,Debt Scheme - Corporate Bond Fund,HSBC Corporate Bond Fund -Regular Plan - Bonus,1997-02-10,exact_name_amc,master,high,False,Master dataset via exact_name_amc.
HSBC Credit Risk Fund,HSBC Mutual Fund,Debt,Credit Risk Funds,4,3,500,5000,0.85,130.0,10.0,4.8,5.7,5.1,151041,33.0869,2026-04-10,0.0033,Open Ended,Debt Scheme - Credit Risk Fund,HSBC Credit Risk Fund- Regular Plan - Bonus,2009-09-29,exact_name_amc,master,high,False,Master dataset via exact_name_amc.
HSBC Dynamic Bond Fund,HSBC Mutual Fund,Debt,Dynamic Bond,3,3,500,5000,0.29,200.0,10.0,4.7,5.4,6.8,151084,30.0723,2026-04-10,107.0872,Open Ended,Debt Scheme - Dynamic Bond,HSBC Dynamic Bond Fund - Regular Growth,2006-08-17,exact_name_amc,master,high,False,Master dataset via exact_name_amc.
HSBC ELSS Fund,HSBC Mutual Fund,Equity,ELSS Mutual Funds,6,1,500,500,1.16,3007.0,10.0,-1.2,24.1,8.0,,103.2329,,,,,,,unmatched,imputed_subcategory,synthetic,True,Synthetic peer-based NAV using 5 comparable schemes.
HSBC Equity Hybrid Fund,HSBC Mutual Fund,Hybrid,Aggressive Hybrid Mutual Funds,6,3,500,5000,1.0,474.0,4.0,1.7,32.4,13.3,,303.1636,,,,,,,unmatched,imputed_subcategory_style,synthetic,True,Synthetic peer-based NAV using 6 comparable schemes.
HSBC Equity Savings Fund,HSBC Mutual Fund,Hybrid,Equity Savings Mutual Funds,3,2,500,5000,0.62,150.0,10.0,2.9,15.5,7.5,151058,34.7349,2026-04-10,515.0534,Open Ended,Hybrid Scheme - Equity Savings,HSBC Equity Savings Fund - Regular Growth,2011-09-27,exact_name_amc,master,high,False,Master dataset via exact_name_amc.
HSBC Flexi Cap Fund,HSBC Mutual Fund,Equity,Flexi Cap Funds,6,2,500,5000,1.23,3097.0,10.0,-1.2,26.4,9.2,102253,241.5953,2025-01-06,,Open Ended,Equity Scheme - Flexi Cap Fund,HSBC India Opportunities Fund--,2004-01-22,exact_name_amc,archive_name,medium,False,Archive NAV matched using normalized scheme name.
HSBC Flexi Debt Fund,HSBC Mutual Fund,Debt,Dynamic Bond,3,2,500,5000,0.94,54.0,10.0,1.7,32.4,13.3,,35.4712,,,,,,,unmatched,imputed_subcategory,synthetic,True,Synthetic peer-based NAV using 18 comparable schemes.
HSBC Gilt Fund,HSBC Mutual Fund,Debt,Gilt Mutual Funds,3,3,500,5000,0.48,231.0,10.0,5.0,5.4,7.1,151013,65.4275,2026-04-10,176.85490000000001,Open Ended,Debt Scheme - Gilt Fund,HSBC Gilt Fund - Regular Growth,2000-03-28,exact_name_amc,master,high,False,Master dataset via exact_name_amc.
HSBC Infrastructure Fund,HSBC Mutual Fund,Equity,Sectoral / Thematic Mutual Funds,6,2,500,5000,1.14,1476.0,10.0,11.3,33.6,9.3,151037,46.5102,2026-04-10,1594.2473,Open Ended,Equity Scheme - Sectoral/ Thematic,HSBC Infrastructure Fund - Regular Growth,2007-08-07,exact_name_amc,master,high,False,Master dataset via exact_name_amc.
HSBC Large & Mid Cap Fund,HSBC Mutual Fund,Equity,Large & Mid Cap Funds,6,2,500,5000,1.08,1992.0,4.0,-0.6,25.6,,146771,26.8259,2026-04-10,3615.449,Open Ended,Equity Scheme - Large & Mid Cap Fund,HSBC Large & Mid Cap Fund - Regular Growth,2019-03-11,exact_name_amc,master,high,False,Master dataset via exact_name_amc.
HSBC Large Cap Fund,HSBC Mutual Fund,Equity,Large Cap Mutual Funds,6,2,500,5000,1.26,1405.0,10.0,0.0,23.3,10.6,101594,467.1738,2026-04-10,1479.3427,Open Ended,Equity Scheme - Large Cap Fund,HSBC Large Cap Fund - Regular Growth,2002-11-14,exact_name_amc,master,high,False,Master dataset via exact_name_amc.
HSBC Liquid Fund,HSBC Mutual Fund,Debt,Liquid Mutual Funds,2,3,500,5000,0.12,12043.0,10.0,5.7,4.3,5.3,120038,2756.0391,2026-04-12,16332.6778,Open Ended,Debt Scheme - Liquid Fund,HSBC Liquid Fund -  Growth Direct,2002-11-14,exact_name_amc,master,high,False,Master dataset via exact_name_amc.
HSBC Low Duration Fund,HSBC Mutual Fund,Debt,Low Duration Funds,2,3,500,5000,0.25,467.0,10.0,5.2,5.6,5.8,151114,30.0115,2026-04-10,546.0109,Open Ended,Debt Scheme - Low Duration Fund,HSBC Low Duration Fund - Regular Growth,2010-11-19,exact_name_amc,master,high,False,Master dataset via exact_name_amc.
HSBC Managed Solutions Conservative Fund,HSBC Mutual Fund,Other,FoFs Domestic,3,2,500,5000,0.54,34.0,9.0,3.2,6.7,5.9,,42.8448,,,,,,,unmatched,imputed_subcategory,synthetic,True,Synthetic peer-based NAV using 9 comparable schemes.
HSBC Managed Solutions Growth Fund,HSBC Mutual Fund,Other,FoFs Domestic,6,2,500,5000,1.06,34.0,9.0,0.6,22.2,9.2,,46.0204,,,,,,,unmatched,imputed_subcategory,synthetic,True,Synthetic peer-based NAV using 9 comparable schemes.
HSBC Managed Solutions Moderate Fund,HSBC Mutual Fund,Other,FoFs Domestic,5,2,500,5000,0.76,58.0,9.0,1.2,19.0,8.7,,45.3853,,,,,,,unmatched,imputed_subcategory,synthetic,True,Synthetic peer-based NAV using 9 comparable schemes.
HSBC Medium Duration Fund,HSBC Mutual Fund,Debt,Medium Duration Funds,3,3,500,5000,0.4,643.0,8.0,4.2,7.0,6.7,151149,21.2139,2026-04-10,376.6782,Open Ended,Debt Scheme - Medium Duration Fund,HSBC Medium Duration Fund - Regular Growth,2015-01-22,exact_name_amc,master,high,False,Master dataset via exact_name_amc.
HSBC Medium to Long Duration Fund,HSBC Mutual Fund,Debt,Medium to Long Duration Funds,3,1,500,5000,0.68,41.0,10.0,2.7,4.5,6.5,101685,42.8235,2026-04-10,30.976300000000002,Open Ended,Debt Scheme - Medium to Long Duration Fund,HSBC Medium to Long Duration Fund - Regular Growth,2002-11-14,exact_name_amc,master,high,False,Master dataset via exact_name_amc.
HSBC Midcap Fund,HSBC Mutual Fund,Equity,Mid Cap Mutual Funds,6,2,500,5000,0.74,6980.0,10.0,2.3,26.1,8.8,151034,401.6419,2026-04-10,9483.0768,Open Ended,Equity Scheme - Mid Cap Fund,HSBC Midcap Fund - Regular Growth,2004-06-24,exact_name_amc,master,high,False,Master dataset via exact_name_amc.
HSBC Money Market Fund,HSBC Mutual Fund,Debt,Money Market Funds,2,1,500,5000,0.25,716.0,10.0,5.2,4.9,6.0,151054,29.0804,2026-04-10,4784.1356,Open Ended,Debt Scheme - Money Market Fund,HSBC Money Market Fund - Direct Growth,2010-10-27,exact_name_amc,master,high,False,Master dataset via exact_name_amc.
HSBC Overnight Fund,HSBC Mutual Fund,Debt,Overnight Mutual Funds,1,5,500,5000,0.1,2759.0,4.0,5.4,3.9,,150502,1253.0437,2026-04-12,,Open Ended,Debt Scheme - Overnight Fund,HSBC Overnight Fund - Unclaimed Redemption Below three years,2019-05-21,exact_name_amc,master,high,False,Master dataset via exact_name_amc.
HSBC Short Duration Fund,HSBC Mutual Fund,Debt,Short Duration Funds,2,2,500,5000,0.27,3592.0,10.0,3.8,6.0,6.7,151062,27.4878,2026-04-10,0.008199999999999999,Open Ended,Debt Scheme - Short Duration Fund,HSBC Short Duration Fund - Bonus,2011-12-07,exact_name_amc,master,high,False,Master dataset via exact_name_amc.
HSBC Small Cap Fund,HSBC Mutual Fund,Equity,Small Cap Mutual Funds,6,3,500,5000,0.77,8625.0,9.0,5.1,44.7,12.7,151133,74.7641,2026-04-10,11049.8589,Open Ended,Equity Scheme - Small Cap Fund,HSBC Small Cap Fund - Regular Growth,2014-04-22,exact_name_amc,master,high,False,Master dataset via exact_name_amc.
HSBC Tax Saver Equity Fund,HSBC Mutual Fund,Equity,ELSS Mutual Funds,6,2,500,5000,1.3,175.0,10.0,-2.2,24.7,8.9,,105.3616,2025-01-06,,,,,,unmatched,archive_name,medium,False,Archive NAV matched using normalized scheme name.
HSBC Ultra Short Duration Fund,HSBC Mutual Fund,Debt,Ultra Short Duration Funds,2,3,500,5000,0.22,2279.0,3.0,5.5,5.1,,147908,1440.648,2026-04-10,2261.9814,Open Ended,Debt Scheme - Ultra Short Duration Fund,HSBC Ultra Short Duration Fund - Direct Growth,2020-01-14,exact_name_amc,master,high,False,Master dataset via exact_name_amc.
HSBC Value Fund,HSBC Mutual Fund,Equity,Value Funds,6,3,500,5000,0.84,7781.0,10.0,6.8,33.0,11.6,151110,110.4049,2026-04-10,10982.0699,Open Ended,Equity Scheme - Value Fund,HSBC Value Fund - Regular Growth,2009-11-16,exact_name_amc,master,high,False,Master dataset via exact_name_amc.
ICICI Pru All Seasons Bond Fund,ICICI Prudential Mutual Fund,Debt,Dynamic Bond,3,5,100,5000,0.62,6754.0,10.0,6.5,7.5,8.2,,31.7948,,,,,,,unmatched,imputed_subcategory,synthetic,True,Synthetic peer-based NAV using 18 comparable schemes.
ICICI Pru Asset Allocator Fund,ICICI Prudential Mutual Fund,Other,FoFs Domestic,4,4,1000,5000,0.18,18393.0,10.0,8.8,21.6,12.8,,47.3048,,,,,,,unmatched,imputed_subcategory,synthetic,True,Synthetic peer-based NAV using 9 comparable schemes.
ICICI Pru Balanced Advantage Fund,ICICI Prudential Mutual Fund,Hybrid,Dynamic Asset Allocation or Balanced Advantage,5,4,100,500,0.91,44515.0,10.0,6.7,19.7,10.4,,26.7541,,,,,,,unmatched,imputed_subcategory,synthetic,True,Synthetic peer-based NAV using 15 comparable schemes.
ICICI Pru Banking & Financial Services – DirectGrowth,ICICI Prudential Mutual Fund,Equity,Sectoral / Thematic Mutual Funds,6,3,100,5000,1.1,5871.0,10.0,7.0,24.9,9.7,,44.6972,,,,,,,unmatched,imputed_subcategory_style,synthetic,True,Synthetic peer-based NAV using 7 comparable schemes.
ICICI Pru Banking & PSU Debt Fund,ICICI Prudential Mutual Fund,Debt,Banking and PSU Mutual Funds,2,5,100,500,0.38,7265.0,10.0,5.8,6.9,7.2,,26.1023,,,,,,,unmatched,imputed_subcategory,synthetic,True,Synthetic peer-based NAV using 12 comparable schemes.
ICICI Pru BHARAT 22 FOF  – Direct Growth,ICICI Prudential Mutual Fund,Other,FoFs Domestic,6,5,1000,5000,0.08,89.0,5.0,22.1,35.0,,,43.9807,,,,,,,unmatched,imputed_subcategory_style,synthetic,True,Synthetic peer-based NAV using 5 comparable schemes.
ICICI Pru Bharat Consumption Fund,ICICI Prudential Mutual Fund,Equity,Sectoral / Thematic Mutual Funds,6,3,100,5000,1.54,1866.0,4.0,10.2,22.7,,,59.5096,,,,,,,unmatched,imputed_subcategory,synthetic,True,Synthetic peer-based NAV using 57 comparable schemes.
ICICI Pru Bluechip Fund,ICICI Prudential Mutual Fund,Equity,Large Cap Mutual Funds,6,4,100,100,1.06,34198.0,10.0,4.4,28.2,12.3,,530.1732,,,,,,,unmatched,imputed_subcategory_style,synthetic,True,Synthetic peer-based NAV using 6 comparable schemes.
ICICI Pru Bond Fund,ICICI Prudential Mutual Fund,Debt,Medium to Long Duration Funds,3,3,100,5000,0.6,2223.0,10.0,5.2,6.9,7.3,,44.3895,,,,,,,unmatched,imputed_subcategory_style,synthetic,True,Synthetic peer-based NAV using 5 comparable schemes.
ICICI Pru Child Care Fund,ICICI Prudential Mutual Fund,Solution Oriented,Childrens Funds,6,3,100,5000,1.69,844.0,10.0,1.0,19.8,8.8,,60.9523,,,,,,,unmatched,imputed_global,synthetic,True,Synthetic peer-based NAV using 504 comparable schemes.
ICICI Pru Corporate Bond Fund,ICICI Prudential Mutual Fund,Debt,Corporate Bond Mutual Funds,2,5,100,100,0.3,16998.0,10.0,5.8,7.0,7.3,,28.9251,,,,,,,unmatched,imputed_subcategory_style,synthetic,True,Synthetic peer-based NAV using 5 comparable schemes.
ICICI Pru Credit Risk Fund,ICICI Prudential Mutual Fund,Debt,Credit Risk Funds,4,4,100,100,0.86,7584.0,10.0,5.8,8.0,8.1,,27.2652,,,,,,,unmatched,imputed_subcategory_style,synthetic,True,Synthetic peer-based NAV using 7 comparable schemes.
ICICI Pru Debt Management Fund,ICICI Prudential Mutual Fund,Other,FoFs Domestic,3,4,100,100,0.41,141.0,10.0,5.8,6.7,7.0,,43.8124,,,,,,,unmatched,imputed_subcategory,synthetic,True,Synthetic peer-based NAV using 9 comparable schemes.
ICICI Pru Dividend Yield Equity Fund,ICICI Prudential Mutual Fund,Equity,Dividend Yield Funds,6,0,100,5000,0.66,1258.0,9.0,8.5,37.6,12.1,,105.3143,,,,,,,unmatched,imputed_category_risk,synthetic,True,Synthetic peer-based NAV using 183 comparable schemes.
ICICI Pru Equity & Debt Fund,ICICI Prudential Mutual Fund,Hybrid,Aggressive Hybrid Mutual Funds,6,5,100,5000,1.2,21232.0,10.0,6.8,30.6,14.3,,356.0985,,,,,,,unmatched,imputed_subcategory_style,synthetic,True,Synthetic peer-based NAV using 6 comparable schemes.
ICICI Pru Equity – Arbitrage Fund,ICICI Prudential Mutual Fund,Hybrid,Arbitrage Mutual Funds,1,3,1000,5000,0.39,11272.0,10.0,5.6,4.8,5.5,,36.2677,,,,,,,unmatched,imputed_subcategory_style,synthetic,True,Synthetic peer-based NAV using 5 comparable schemes.
ICICI Pru Equity Savings Fund,ICICI Prudential Mutual Fund,Hybrid,Equity Savings Mutual Funds,2,3,100,5000,0.54,4936.0,8.0,6.2,12.7,7.9,,22.0126,,,,,,,unmatched,imputed_subcategory,synthetic,True,Synthetic peer-based NAV using 16 comparable schemes.
ICICI Pru Exports and Services Fund,ICICI Prudential Mutual Fund,Equity,Sectoral / Thematic Mutual Funds,6,0,1000,5000,1.76,1040.0,10.0,5.7,30.7,11.4,,72.3435,,,,,,,unmatched,imputed_subcategory,synthetic,True,Synthetic peer-based NAV using 57 comparable schemes.
ICICI Pru Floating Interest Fund,ICICI Prudential Mutual Fund,Debt,Floater Mutual Funds,2,2,100,500,0.62,11650.0,10.0,6.3,7.0,7.2,,58.4868,,,,,,,unmatched,imputed_subcategory,synthetic,True,Synthetic peer-based NAV using 10 comparable schemes.
ICICI Pru FMCG Fund,ICICI Prudential Mutual Fund,Equity,Sectoral / Thematic Mutual Funds,6,0,100,5000,1.44,1156.0,10.0,21.1,24.5,13.5,,71.0146,,,,,,,unmatched,imputed_subcategory,synthetic,True,Synthetic peer-based NAV using 57 comparable schemes.
ICICI Pru Focused Equity Fund,ICICI Prudential Mutual Fund,Equity,Focused Funds,6,4,100,5000,0.59,3920.0,10.0,6.1,31.2,13.4,,59.0852,,,,,,,unmatched,imputed_subcategory_style,synthetic,True,Synthetic peer-based NAV using 5 comparable schemes.
ICICI Pru Gilt Fund,ICICI Prudential Mutual Fund,Debt,Gilt Mutual Funds,3,5,1000,5000,0.56,2692.0,10.0,6.3,6.7,8.4,,45.0904,,,,,,,unmatched,imputed_subcategory_style,synthetic,True,Synthetic peer-based NAV using 5 comparable schemes.
ICICI Pru Global Stable Equity Fund,ICICI Prudential Mutual Fund,Other,FoFs Overseas,6,0,1000,5000,1.26,111.0,10.0,3.4,18.0,10.3,,42.2088,,,,,,,unmatched,imputed_category_risk,synthetic,True,Synthetic peer-based NAV using 25 comparable schemes.
ICICI Pru Income Optimizer Fund,ICICI Prudential Mutual Fund,Other,FoFs Domestic,3,5,1000,5000,0.26,272.0,10.0,7.8,13.3,8.8,,45.2419,,,,,,,unmatched,imputed_subcategory,synthetic,True,Synthetic peer-based NAV using 9 comparable schemes.
ICICI Pru India Equity FOF – Direct Growth,ICICI Prudential Mutual Fund,Other,FoFs Domestic,6,5,100,500,0.88,62.0,3.0,4.9,32.2,,,39.7057,,,,,,,unmatched,imputed_subcategory_style,synthetic,True,Synthetic peer-based NAV using 5 comparable schemes.
ICICI Pru India Opportunities Fund,ICICI Prudential Mutual Fund,Equity,Sectoral / Thematic Mutual Funds,6,0,100,5000,0.73,7644.0,4.0,11.7,44.7,,,64.8577,,,,,,,unmatched,imputed_subcategory,synthetic,True,Synthetic peer-based NAV using 57 comparable schemes.
ICICI Pru Infrastructure Fund,ICICI Prudential Mutual Fund,Equity,Sectoral / Thematic Mutual Funds,6,5,100,5000,1.64,2269.0,10.0,24.3,44.0,15.1,,76.9963,,,,,,,unmatched,imputed_subcategory,synthetic,True,Synthetic peer-based NAV using 57 comparable schemes.
ICICI Pru Large & Mid Cap Fund,ICICI Prudential Mutual Fund,Equity,Large & Mid Cap Funds,6,4,100,5000,1.09,7044.0,10.0,9.5,33.2,13.7,,687.2804,,,,,,,unmatched,imputed_subcategory_style,synthetic,True,Synthetic peer-based NAV using 5 comparable schemes.
ICICI Pru Liquid Fund,ICICI Prudential Mutual Fund,Debt,Liquid Mutual Funds,3,2,99,99,0.2,47245.0,10.0,5.6,4.3,5.3,,1202.628,,,,,,,unmatched,imputed_subcategory_style,synthetic,True,Synthetic peer-based NAV using 15 comparable schemes.
ICICI Pru Long Term Equity Fund,ICICI Prudential Mutual Fund,Equity,ELSS Mutual Funds,6,3,500,500,1.23,9819.0,10.0,-0.2,27.1,11.5,,105.5931,,,,,,,unmatched,imputed_subcategory,synthetic,True,Synthetic peer-based NAV using 5 comparable schemes.
ICICI Pru Long Term Wealth Enhancement Fund,ICICI Prudential Mutual Fund,Equity,ELSS Mutual Funds,6,0,0,500,0.97,32.0,5.0,-0.7,33.7,11.3,,95.6128,,,,,,,unmatched,imputed_subcategory,synthetic,True,Synthetic peer-based NAV using 5 comparable schemes.
ICICI Pru Manufacturing Fund,ICICI Prudential Mutual Fund,Equity,Sectoral / Thematic Mutual Funds,6,0,100,5000,1.7,645.0,4.0,8.6,35.6,,,62.6455,,,,,,,unmatched,imputed_subcategory,synthetic,True,Synthetic peer-based NAV using 57 comparable schemes.
ICICI Pru Medium Term Bond Fund,ICICI Prudential Mutual Fund,Debt,Medium Duration Funds,4,4,1000,5000,0.77,6305.0,10.0,5.6,7.7,7.6,,37.1106,,,,,,,unmatched,imputed_subcategory,synthetic,True,Synthetic peer-based NAV using 10 comparable schemes.
ICICI Pru MidCap Fund,ICICI Prudential Mutual Fund,Equity,Mid Cap Mutual Funds,6,3,100,5000,1.16,3492.0,10.0,3.9,32.9,11.1,,206.1752,,,,,,,unmatched,imputed_subcategory,synthetic,True,Synthetic peer-based NAV using 19 comparable schemes.
ICICI Pru Money Market Fund,ICICI Prudential Mutual Fund,Debt,Money Market Funds,3,3,100,500,0.21,11475.0,10.0,5.5,5.4,6.1,,1389.6055,,,,,,,unmatched,imputed_subcategory,synthetic,True,Synthetic peer-based NAV using 16 comparable schemes.
ICICI Pru Multi-Asset Fund,ICICI Prudential Mutual Fund,Hybrid,Multi Asset Allocation Mutual Funds,6,4,100,5000,1.15,16449.0,10.0,11.3,31.3,14.2,,67.3972,,,,,,,unmatched,imputed_category_risk,synthetic,True,Synthetic peer-based NAV using 26 comparable schemes.
ICICI Pru Multicap Fund,ICICI Prudential Mutual Fund,Equity,Multi Cap Funds,6,0,100,5000,1.02,6929.0,10.0,5.7,29.1,11.8,,269.2711,,,,,,,unmatched,imputed_subcategory,synthetic,True,Synthetic peer-based NAV using 5 comparable schemes.
ICICI Pru Nifty 50 Index Fund,ICICI Prudential Mutual Fund,Other,Index Funds,6,3,100,100,0.17,3977.0,10.0,0.9,26.1,11.9,,43.4532,,,,,,,unmatched,imputed_subcategory_style,synthetic,True,Synthetic peer-based NAV using 6 comparable schemes.
ICICI Pru Nifty Next 50 Index Fund,ICICI Prudential Mutual Fund,Other,Index Funds,6,1,100,100,0.3,2415.0,10.0,-6.4,22.0,6.1,,41.9956,,,,,,,unmatched,imputed_subcategory_style,synthetic,True,Synthetic peer-based NAV using 6 comparable schemes.
ICICI Pru Overnight Fund,ICICI Prudential Mutual Fund,Debt,Overnight Mutual Funds,1,3,500,100,0.1,12837.0,4.0,5.4,3.9,,,1271.4187,,,,,,,unmatched,imputed_subcategory_style,synthetic,True,Synthetic peer-based NAV using 7 comparable schemes.
ICICI Pru P.H.D Fund,ICICI Prudential Mutual Fund,Equity,Sectoral / Thematic Mutual Funds,6,0,100,5000,1.22,2538.0,5.0,-6.0,25.0,,,62.5305,,,,,,,unmatched,imputed_subcategory,synthetic,True,Synthetic peer-based NAV using 57 comparable schemes.
ICICI Pru Passive Strategy Fund,ICICI Prudential Mutual Fund,Other,FoFs Domestic,6,3,1000,5000,0.06,93.0,10.0,4.9,26.3,10.9,,47.8866,,,,,,,unmatched,imputed_subcategory,synthetic,True,Synthetic peer-based NAV using 9 comparable schemes.
ICICI Pru Regular Gold Savings Fund,ICICI Prudential Mutual Fund,Other,FoFs Domestic,5,3,100,100,0.09,671.0,10.0,14.3,11.7,13.1,,45.5415,,,,,,,unmatched,imputed_subcategory,synthetic,True,Synthetic peer-based NAV using 9 comparable schemes.
ICICI Pru Regular Savings Fund,ICICI Prudential Mutual Fund,Hybrid,Conservative Hybrid Mutual Funds,4,5,100,5000,0.99,3212.0,10.0,5.5,11.3,9.0,,62.0311,,,,,,,unmatched,imputed_subcategory,synthetic,True,Synthetic peer-based NAV using 11 comparable schemes.
ICICI Pru Retirement Fund,ICICI Prudential Mutual Fund,Solution Oriented,Retirement Funds,6,5,100,5000,1.22,209.0,4.0,0.1,31.3,,,53.9004,,,,,,,unmatched,imputed_global,synthetic,True,Synthetic peer-based NAV using 504 comparable schemes.
ICICI Pru Retirement Fund,ICICI Prudential Mutual Fund,Solution Oriented,Retirement Funds,6,3,100,5000,1.12,152.0,4.0,1.7,32.4,13.3,,54.9671,,,,,,,unmatched,imputed_global,synthetic,True,Synthetic peer-based NAV using 504 comparable schemes.
ICICI Pru Retirement Fund,ICICI Prudential Mutual Fund,Solution Oriented,Retirement Funds,4,3,100,5000,1.0,59.0,4.0,2.0,9.9,,,49.5755,,,,,,,unmatched,imputed_global,synthetic,True,Synthetic peer-based NAV using 504 comparable schemes.
ICICI Pru Retirement Fund,ICICI Prudential Mutual Fund,Solution Oriented,Retirement Funds,3,3,100,5000,1.29,175.0,4.0,4.6,6.8,,,48.9489,,,,,,,unmatched,imputed_global,synthetic,True,Synthetic peer-based NAV using 504 comparable schemes.
ICICI Pru S&P BSE Sensex Index Fund,ICICI Prudential Mutual Fund,Other,Index Funds,6,4,100,100,0.16,694.0,6.0,1.4,25.8,12.9,,39.7073,,,,,,,unmatched,imputed_subcategory_style,synthetic,True,Synthetic peer-based NAV using 6 comparable schemes.
ICICI Pru Savings Fund,ICICI Prudential Mutual Fund,Debt,Low Duration Funds,2,2,100,100,0.4,21144.0,10.0,5.7,6.2,6.7,,764.889,,,,,,,unmatched,imputed_subcategory,synthetic,True,Synthetic peer-based NAV using 13 comparable schemes.
ICICI Pru Short Term Fund,ICICI Prudential Mutual Fund,Debt,Short Duration Funds,3,4,1000,5000,0.39,14561.0,10.0,6.4,7.5,7.7,,30.5499,,,,,,,unmatched,imputed_subcategory_style,synthetic,True,Synthetic peer-based NAV using 5 comparable schemes.
ICICI Pru Smallcap Fund,ICICI Prudential Mutual Fund,Equity,Small Cap Mutual Funds,6,3,100,5000,0.81,4618.0,10.0,7.7,41.8,14.9,,101.1462,,,,,,,unmatched,imputed_subcategory,synthetic,True,Synthetic peer-based NAV using 18 comparable schemes.
ICICI Pru Technology Fund,ICICI Prudential Mutual Fund,Equity,Sectoral / Thematic Mutual Funds,6,0,100,5000,0.99,8993.0,10.0,-19.7,45.3,21.6,,78.8673,,,,,,,unmatched,imputed_subcategory,synthetic,True,Synthetic peer-based NAV using 57 comparable schemes.
ICICI Pru Thematic Advantage Fund,ICICI Prudential Mutual Fund,Other,FoFs Domestic,6,0,1000,5000,0.25,958.0,10.0,5.4,35.4,14.6,,50.0893,,,,,,,unmatched,imputed_subcategory,synthetic,True,Synthetic peer-based NAV using 9 comparable schemes.
ICICI Pru Ultra Short Term Fund,ICICI Prudential Mutual Fund,Debt,Ultra Short Duration Funds,3,4,1000,5000,0.39,12447.0,10.0,5.7,5.9,6.7,,1397.0851,,,,,,,unmatched,imputed_subcategory,synthetic,True,Synthetic peer-based NAV using 15 comparable schemes.
ICICI Pru US Bluechip Equity Fund,ICICI Prudential Mutual Fund,Equity,Sectoral / Thematic Mutual Funds,6,0,100,5000,1.22,2365.0,10.0,4.8,23.4,15.9,,71.2046,,,,,,,unmatched,imputed_subcategory,synthetic,True,Synthetic peer-based NAV using 57 comparable schemes.
ICICI Pru Value Discovery Fund,ICICI Prudential Mutual Fund,Equity,Value Funds,6,4,100,1000,1.22,27449.0,10.0,8.9,36.9,14.9,,185.9394,,,,,,,unmatched,imputed_subcategory,synthetic,True,Synthetic peer-based NAV using 8 comparable schemes.
IDBI Banking & Financial Services Fund,IDBI Mutual Fund,Equity,Sectoral / Thematic Mutual Funds,6,2,500,5000,1.5,81.0,5.0,4.8,20.3,,,61.3411,,,,,,,unmatched,imputed_subcategory,synthetic,True,Synthetic peer-based NAV using 57 comparable schemes.
IDBI Credit Risk Fund,IDBI Mutual Fund,Debt,Credit Risk Funds,4,3,500,5000,0.61,22.0,9.0,4.3,11.3,3.7,,26.7529,,,,,,,unmatched,imputed_subcategory_style,synthetic,True,Synthetic peer-based NAV using 7 comparable schemes.
IDBI Dividend Yield Fund,IDBI Mutual Fund,Equity,Dividend Yield Funds,6,0,500,5000,1.5,85.0,4.0,0.1,25.2,,,86.6652,,,,,,,unmatched,imputed_category_risk,synthetic,True,Synthetic peer-based NAV using 183 comparable schemes.
IDBI Equity Advantage Fund,IDBI Mutual Fund,Equity,ELSS Mutual Funds,6,2,500,500,1.21,455.0,10.0,-0.7,33.7,11.3,,108.3182,,,,,,,unmatched,imputed_subcategory,synthetic,True,Synthetic peer-based NAV using 5 comparable schemes.
IDBI Equity Savings Fund,IDBI Mutual Fund,Hybrid,Equity Savings Mutual Funds,4,2,500,5000,1.15,9.77,10.0,2.5,11.8,7.2,,22.7838,,,,,,,unmatched,imputed_subcategory,synthetic,True,Synthetic peer-based NAV using 16 comparable schemes.
IDBI Focused 30 Equity Fund,IDBI Mutual Fund,Equity,Focused Funds,6,3,500,5000,1.61,125.0,5.0,0.1,25.2,10.2,,50.4302,,,,,,,unmatched,imputed_subcategory_style,synthetic,True,Synthetic peer-based NAV using 5 comparable schemes.
IDBI Gold Fund,IDBI Mutual Fund,Other,FoFs Domestic,5,3,500,5000,0.26,42.0,10.0,15.0,12.1,12.9,,45.5871,,,,,,,unmatched,imputed_subcategory,synthetic,True,Synthetic peer-based NAV using 9 comparable schemes.
IDBI Healthcare Fund,IDBI Mutual Fund,Equity,Sectoral / Thematic Mutual Funds,6,0,500,5000,1.24,49.0,4.0,-13.0,17.1,,,58.1482,,,,,,,unmatched,imputed_subcategory,synthetic,True,Synthetic peer-based NAV using 57 comparable schemes.
IDBI Hybrid Equity Fund,IDBI Mutual Fund,Hybrid,Aggressive Hybrid Mutual Funds,6,2,500,5000,1.67,171.0,6.0,-1.8,17.5,7.0,,301.5657,,,,,,,unmatched,imputed_subcategory_style,synthetic,True,Synthetic peer-based NAV using 6 comparable schemes.
IDBI India Top 100 Equity Fund,IDBI Mutual Fund,Equity,Large Cap Mutual Funds,6,4,500,5000,1.26,599.0,10.0,0.5,26.0,12.4,,525.7308,,,,,,,unmatched,imputed_subcategory_style,synthetic,True,Synthetic peer-based NAV using 6 comparable schemes.
IDBI Liquid Fund,IDBI Mutual Fund,Debt,Liquid Mutual Funds,2,4,500,5000,0.13,763.0,10.0,5.6,4.4,5.4,,1203.4701,,,,,,,unmatched,imputed_subcategory_style,synthetic,True,Synthetic peer-based NAV using 15 comparable schemes.
IDBI Long Term Value Fund,IDBI Mutual Fund,Equity,Value Funds,6,2,500,5000,1.67,92.0,5.0,-0.1,25.4,,,155.1746,,,,,,,unmatched,imputed_subcategory,synthetic,True,Synthetic peer-based NAV using 8 comparable schemes.
IDBI Midcap Fund,IDBI Mutual Fund,Equity,Mid Cap Mutual Funds,6,1,500,5000,1.62,176.0,6.0,-2.9,25.1,7.7,,180.3649,,,,,,,unmatched,imputed_subcategory,synthetic,True,Synthetic peer-based NAV using 19 comparable schemes.
IDBI Nifty 50 Index Fund,IDBI Mutual Fund,Other,Index Funds,6,3,500,5000,0.32,188.0,10.0,0.8,25.8,11.8,,43.388,,,,,,,unmatched,imputed_subcategory_style,synthetic,True,Synthetic peer-based NAV using 6 comparable schemes.
IDBI Nifty Next 50 Index Fund,IDBI Mutual Fund,Other,Index Funds,6,1,500,5000,0.32,49.0,10.0,-6.1,21.8,6.2,,41.9743,,,,,,,unmatched,imputed_subcategory_style,synthetic,True,Synthetic peer-based NAV using 6 comparable schemes.
IDBI Short Term Bond Fund,IDBI Mutual Fund,Debt,Short Duration Funds,2,4,500,5000,0.28,29.0,10.0,4.1,9.4,6.9,,30.7071,,,,,,,unmatched,imputed_subcategory_style,synthetic,True,Synthetic peer-based NAV using 5 comparable schemes.
IDBI Small Cap Fund,IDBI Mutual Fund,Equity,Small Cap Mutual Funds,6,3,500,5000,1.54,143.0,6.0,2.1,38.5,12.6,,90.4131,,,,,,,unmatched,imputed_subcategory,synthetic,True,Synthetic peer-based NAV using 18 comparable schemes.
IDBI Ultra Short Term Fund,IDBI Mutual Fund,Debt,Ultra Short Duration Funds,2,3,500,5000,0.25,198.0,10.0,5.4,5.1,5.9,,1389.2944,,,,,,,unmatched,imputed_subcategory,synthetic,True,Synthetic peer-based NAV using 15 comparable schemes.
IIFL Dynamic Bond Fund,IIFL Mutual Fund,Debt,Dynamic Bond,3,4,1000,10000,0.27,494.0,10.0,3.3,6.0,6.5,,31.4449,,,,,,,unmatched,imputed_subcategory,synthetic,True,Synthetic peer-based NAV using 18 comparable schemes.
IIFL Focused Equity Fund,IIFL Mutual Fund,Equity,Focused Funds,6,5,1000,1000,0.9,3416.0,8.0,4.7,29.2,18.1,,57.1004,,,,,,,unmatched,imputed_subcategory_style,synthetic,True,Synthetic peer-based NAV using 5 comparable schemes.
IIFL Liquid Fund,IIFL Mutual Fund,Debt,Liquid Mutual Funds,3,2,1000,5000,0.2,601.0,9.0,5.5,3.9,4.8,,1176.3794,,,,,,,unmatched,imputed_subcategory_style,synthetic,True,Synthetic peer-based NAV using 15 comparable schemes.
Indiabulls Arbitrage Fund,Indiabulls Mutual Fund,Hybrid,Arbitrage Mutual Funds,1,2,1000,500,0.58,14.0,8.0,4.3,3.3,4.5,,34.5268,,,,,,,unmatched,imputed_subcategory_style,synthetic,True,Synthetic peer-based NAV using 5 comparable schemes.
Indiabulls Bluechip Fund,Indiabulls Mutual Fund,Equity,Large Cap Mutual Funds,6,2,500,500,1.27,91.0,10.0,2.0,21.3,9.5,,511.4359,,,,,,,unmatched,imputed_subcategory_style,synthetic,True,Synthetic peer-based NAV using 6 comparable schemes.
Indiabulls Dynamic Bond Fund,Indiabulls Mutual Fund,Debt,Dynamic Bond,3,3,500,500,0.36,25.0,4.0,4.2,5.2,,,26.5985,,,,,,,unmatched,imputed_subcategory,synthetic,True,Synthetic peer-based NAV using 18 comparable schemes.
Indiabulls Equity Hybrid Fund,Indiabulls Mutual Fund,Hybrid,Aggressive Hybrid Mutual Funds,5,3,500,500,1.55,32.0,4.0,3.2,20.5,,,287.7589,,,,,,,unmatched,imputed_subcategory_style,synthetic,True,Synthetic peer-based NAV using 6 comparable schemes.
Indiabulls Liquid Fund,Indiabulls Mutual Fund,Debt,Liquid Mutual Funds,2,1,500,500,0.22,212.0,10.0,5.4,4.0,5.2,,1200.8244,,,,,,,unmatched,imputed_subcategory_style,synthetic,True,Synthetic peer-based NAV using 15 comparable schemes.
Indiabulls Overnight Fund,Indiabulls Mutual Fund,Debt,Overnight Mutual Funds,1,1,500,500,0.18,42.0,4.0,5.2,3.8,,,1270.9101,,,,,,,unmatched,imputed_subcategory_style,synthetic,True,Synthetic peer-based NAV using 7 comparable schemes.
Indiabulls Short Term Fund,Indiabulls Mutual Fund,Debt,Short Duration Funds,3,2,500,500,0.38,25.0,10.0,4.4,5.1,5.9,,30.0953,,,,,,,unmatched,imputed_subcategory_style,synthetic,True,Synthetic peer-based NAV using 5 comparable schemes.
Indiabulls Tax Savings Fund,Indiabulls Mutual Fund,Equity,ELSS Mutual Funds,6,2,500,500,0.5,36.0,5.0,1.0,22.3,7.8,,90.4047,,,,,,,unmatched,imputed_subcategory,synthetic,True,Synthetic peer-based NAV using 5 comparable schemes.
Indiabulls Value Fund,Indiabulls Mutual Fund,Equity,Value Funds,6,2,500,500,0.5,9.71,8.0,-0.2,25.6,6.3,,166.4002,,,,,,,unmatched,imputed_subcategory,synthetic,True,Synthetic peer-based NAV using 8 comparable schemes.
Invesco India – Invesco GEI Fund,Invesco Mutual Fund,Other,FoFs Overseas,6,0,500,1000,0.73,12.0,9.0,9.5,24.4,9.5,,42.4064,,,,,,,unmatched,imputed_category_risk,synthetic,True,Synthetic peer-based NAV using 25 comparable schemes.
Invesco India Arbitrage Fund,Invesco Mutual Fund,Hybrid,Arbitrage Mutual Funds,1,5,500,1000,0.38,3184.0,10.0,6.4,5.0,5.6,130787,36.2931,2026-04-10,0.0105,Open Ended,Hybrid Scheme - Arbitrage Fund,Invesco India Arbitrage Fund - Direct Plan - Annual Bonus,2007-04-10,exact_name_amc,master,high,False,Master dataset via exact_name_amc.
Invesco India Banking & PSU Debt Fund,Invesco Mutual Fund,Debt,Banking and PSU Mutual Funds,3,1,1000,1000,0.28,131.0,10.0,2.3,5.8,6.4,,25.9252,,,,,,,unmatched,imputed_subcategory,synthetic,True,Synthetic peer-based NAV using 12 comparable schemes.
Invesco India Contra Fund,Invesco Mutual Fund,Equity,Contra Funds,6,4,500,1000,0.62,9347.0,10.0,2.8,27.6,12.3,105460,127.19,2026-04-10,13487.8209,Open Ended,Equity Scheme - Contra Fund,Invesco India Contra Fund - Regular Plan - Growth,2007-02-15,exact_name_amc,master,high,False,Master dataset via exact_name_amc.
Invesco India Corporate Bond Fund,Invesco Mutual Fund,Debt,Corporate Bond Mutual Funds,2,3,100,1000,0.28,2065.0,10.0,3.7,6.4,6.9,120497,3530.5577,2026-04-10,5774.5822,Open Ended,Debt Scheme - Corporate Bond Fund,Invesco India Corporate Bond Fund - Direct Plan - Growth,2007-07-27,exact_name_amc,master,high,False,Master dataset via exact_name_amc.
Invesco India Credit Risk Fund,Invesco Mutual Fund,Debt,Credit Risk Funds,2,2,1000,1000,0.28,129.0,9.0,4.4,6.0,3.5,130721,2004.8061,2026-04-10,128.2827,Open Ended,Debt Scheme - Credit Risk Fund,Invesco India Credit Risk Fund - Regular Plan - Growth,2014-08-14,exact_name_amc,master,high,False,Master dataset via exact_name_amc.
Invesco India Dynamic Equity Fund,Invesco Mutual Fund,Hybrid,Dynamic Asset Allocation or Balanced Advantage,6,2,500,1000,0.95,612.0,10.0,3.9,15.4,7.4,,26.0629,,,,,,,unmatched,imputed_subcategory,synthetic,True,Synthetic peer-based NAV using 15 comparable schemes.
Invesco India Equity & Bond Fund,Invesco Mutual Fund,Hybrid,Aggressive Hybrid Mutual Funds,6,2,500,1000,0.76,378.0,5.0,1.5,17.4,,,295.7919,,,,,,,unmatched,imputed_subcategory_style,synthetic,True,Synthetic peer-based NAV using 6 comparable schemes.
Invesco India Equity Savings Fund,Invesco Mutual Fund,Hybrid,Equity Savings Mutual Funds,4,2,500,1000,0.73,132.0,4.0,1.2,9.6,,146456,16.2711,2026-04-10,274.5043,Open Ended,Hybrid Scheme - Equity Savings,Invesco India Equity Savings Fund - Regular Plan - Growth,2019-02-14,exact_name_amc,master,high,False,Master dataset via exact_name_amc.
Invesco India Financial Services Fund,Invesco Mutual Fund,Equity,Sectoral / Thematic Mutual Funds,6,3,100,1000,1.08,472.0,10.0,5.9,22.6,10.9,108378,142.16,2026-04-10,1214.9402,Open Ended,Equity Scheme - Sectoral/ Thematic,Invesco India Financial Services Fund - Regular Plan - Growth,2008-05-19,exact_name_amc,master,high,False,Master dataset via exact_name_amc.
Invesco India Gilt Fund,Invesco Mutual Fund,Debt,Gilt Mutual Funds,2,1,100,1000,0.48,22.0,10.0,4.9,4.2,6.7,120520,3142.9483,2026-04-10,179.8,Open Ended,Debt Scheme - Gilt Fund,Invesco India Gilt Fund - Direct  Plan - Growth,2008-01-30,exact_name_amc,master,high,False,Master dataset via exact_name_amc.
Invesco India Gold Fund,Invesco Mutual Fund,Other,FoFs Domestic,5,4,500,1000,0.16,59.0,10.0,13.2,11.5,13.2,,45.5186,,,,,,,unmatched,imputed_subcategory,synthetic,True,Synthetic peer-based NAV using 9 comparable schemes.
Invesco India Growth Opportunities Fund,Invesco Mutual Fund,Equity,Large & Mid Cap Funds,6,3,100,1000,0.66,3665.0,10.0,0.8,22.8,11.0,,36.3519,,,,,,,unmatched,imputed_subcategory_style,synthetic,True,Synthetic peer-based NAV using 10 comparable schemes.
Invesco India Infrastructure Fund,Invesco Mutual Fund,Equity,Sectoral / Thematic Mutual Funds,6,5,500,1000,1.08,445.0,10.0,8.9,33.2,14.6,106654,60.04,2026-04-10,765.539,Open Ended,Equity Scheme - Sectoral/ Thematic,Invesco India Infrastructure Fund - Regular Plan - Growth Option,2007-09-25,exact_name_amc,master,high,False,Master dataset via exact_name_amc.
Invesco India Largecap Fund,Invesco Mutual Fund,Equity,Large Cap Mutual Funds,6,4,100,1000,0.81,724.0,10.0,-1.8,24.0,11.1,112098,67.6,2026-04-10,1365.2593,Open Ended,Equity Scheme - Large Cap Fund,Invesco India Largecap Fund - Regular Plan - Growth,2009-07-10,exact_name_amc,master,high,False,Master dataset via exact_name_amc.
Invesco India Liquid Fund,Invesco Mutual Fund,Debt,Liquid Mutual Funds,2,3,500,1000,0.15,6434.0,10.0,5.6,4.3,5.3,139387,1798.5008,2026-04-11,6.186,Open Ended,Debt Scheme - Liquid Fund,Invesco India Liquid Fund - Unclaimed Redemption Plan - Below 3 years,2006-11-13,exact_name_amc,master,high,False,Master dataset via exact_name_amc.
Invesco India Medium Duration Fund,Invesco Mutual Fund,Debt,Medium Duration Funds,3,2,1000,1000,0.4,306.0,2.0,3.5,,,149011,1322.4868,2026-04-10,130.0597,Open Ended,Debt Scheme - Medium Duration Fund,Invesco India Medium Duration Fund - Direct Plan - Growth,2021-06-29,exact_name_amc,master,high,False,Master dataset via exact_name_amc.
Invesco India Midcap Fund,Invesco Mutual Fund,Equity,Mid Cap Mutual Funds,6,3,500,1000,0.72,2618.0,10.0,0.2,33.5,14.6,105503,173.39,2026-04-10,7141.6455000000005,Open Ended,Equity Scheme - Mid Cap Fund,Invesco India Midcap Fund - Regular Plan - Growth Option,2007-02-15,exact_name_amc,master,high,False,Master dataset via exact_name_amc.
Invesco India Money Market Fund,Invesco Mutual Fund,Debt,Money Market Funds,2,2,1000,1000,0.22,2294.0,10.0,5.0,5.1,5.8,120507,3309.6321,2026-04-10,5333.8853,Open Ended,Debt Scheme - Money Market Fund,Invesco India Money Market Fund - Direct Plan - Growth,2009-08-14,exact_name_amc,master,high,False,Master dataset via exact_name_amc.
Invesco India Multicap Fund,Invesco Mutual Fund,Equity,Multi Cap Funds,6,0,500,1000,0.65,2347.0,10.0,1.4,27.0,11.0,107353,119.18,2026-04-10,3596.2138,Open Ended,Equity Scheme - Multi Cap Fund,Invesco India Multicap Fund - Regular Plan - Growth Option,2008-01-07,exact_name_amc,master,high,False,Master dataset via exact_name_amc.
Invesco India Overnight Fund,Invesco Mutual Fund,Debt,Overnight Mutual Funds,1,3,100,1000,0.09,337.0,3.0,5.3,3.8,,147883,1362.9433,2026-04-11,343.881,Open Ended,Debt Scheme - Overnight Fund,Invesco India Overnight Fund - Direct Plan - Growth,2020-01-07,exact_name_amc,master,high,False,Master dataset via exact_name_amc.
Invesco India PSU Equity Fund,Invesco Mutual Fund,Equity,Sectoral / Thematic Mutual Funds,6,0,500,1000,0.96,394.0,10.0,16.2,26.5,12.6,112171,66.06,2026-04-10,824.3247,Open Ended,Equity Scheme - Sectoral/ Thematic,Invesco India PSU Equity Fund - Regular Plan - Growth,2009-09-29,exact_name_amc,master,high,False,Master dataset via exact_name_amc.
Invesco India Short Term Fund,Invesco Mutual Fund,Debt,Short Duration Funds,2,2,1000,1000,0.35,350.0,10.0,3.9,6.2,6.8,,30.3101,,,,,,,unmatched,imputed_subcategory_style,synthetic,True,Synthetic peer-based NAV using 5 comparable schemes.
Invesco India Smallcap Fund,Invesco Mutual Fund,Equity,Small Cap Mutual Funds,6,3,500,1000,0.78,1400.0,4.0,3.5,34.6,,145139,40.29,2026-04-10,6686.6885999999995,Open Ended,Equity Scheme - Small Cap Fund,Invesco India Smallcap Fund - Regular Plan - Growth,2018-10-10,exact_name_amc,master,high,False,Master dataset via exact_name_amc.
Invesco India Tax Plan – Direct Growth,Invesco Mutual Fund,Equity,ELSS Mutual Funds,6,3,500,500,0.92,1833.0,10.0,-5.2,22.4,10.8,,103.3895,,,,,,,unmatched,imputed_subcategory,synthetic,True,Synthetic peer-based NAV using 5 comparable schemes.
Invesco India Treasury Advantage Fund,Invesco Mutual Fund,Debt,Low Duration Funds,2,2,100,1000,0.32,1230.0,10.0,4.9,5.6,6.4,,762.3694,,,,,,,unmatched,imputed_subcategory,synthetic,True,Synthetic peer-based NAV using 13 comparable schemes.
Invesco India Ultra Short Term Fund,Invesco Mutual Fund,Debt,Ultra Short Duration Funds,2,3,1000,1000,0.24,818.0,10.0,5.4,5.1,6.0,,1389.7112,,,,,,,unmatched,imputed_subcategory,synthetic,True,Synthetic peer-based NAV using 15 comparable schemes.
ITI Arbitrage Fund,ITI Mutual Fund,Hybrid,Arbitrage Mutual Funds,1,1,500,5000,0.22,7.04,4.0,3.9,3.3,,147618,13.5731,2026-04-10,45.1527,Open Ended,Hybrid Scheme - Arbitrage Fund,ITI Arbitrage Fund - Regular Plan - Growth Option,2019-08-20,exact_name_amc,master,high,False,Master dataset via exact_name_amc.
ITI Balanced Advantage Fund,ITI Mutual Fund,Hybrid,Dynamic Asset Allocation or Balanced Advantage,6,1,500,5000,0.35,452.0,3.0,-0.2,12.3,,147787,13.9054,2026-04-10,363.9732,Open Ended,Hybrid Scheme - Dynamic Asset Allocation or Balanced Advantage,ITI Balanced Advantage Fund - Regular Plan - Growth Option,2019-12-09,exact_name_amc,master,high,False,Master dataset via exact_name_amc.
ITI Banking & PSU Debt Fund,ITI Mutual Fund,Debt,Banking and PSU Mutual Funds,2,5,500,5000,0.15,27.0,2.0,5.4,,,148534,13.9149,2026-04-10,29.0814,Open Ended,Debt Scheme - Banking and PSU Fund,ITI Banking & PSU Debt Fund - Direct Plan - Growth Option,2020-10-05,exact_name_amc,master,high,False,Master dataset via exact_name_amc.
ITI Dynamic Bond Fund,ITI Mutual Fund,Debt,Dynamic Bond,2,5,500,5000,0.14,57.0,2.0,5.7,,,149029,13.3732,2026-04-10,40.8716,Open Ended,Debt Scheme - Dynamic Bond,ITI Dynamic Bond Fund - Direct Plan - Growth Option,2021-06-25,exact_name_amc,master,high,False,Master dataset via exact_name_amc.
ITI Liquid Fund,ITI Mutual Fund,Debt,Liquid Mutual Funds,1,2,500,5000,0.09,31.0,4.0,5.5,3.9,,147155,1002.1423,2026-04-12,0.0003,Open Ended,Debt Scheme - Liquid Fund,ITI Liquid Fund - Regular Plan - Fortnightly Income Distribution cum capital withdrawal option Option,2019-04-24,exact_name_amc,master,high,False,Master dataset via exact_name_amc.
ITI Long Term Equity Fund,ITI Mutual Fund,Equity,ELSS Mutual Funds,6,2,500,500,0.44,156.0,3.0,5.6,23.7,,,83.6113,,,,,,,unmatched,imputed_subcategory,synthetic,True,Synthetic peer-based NAV using 5 comparable schemes.
ITI Overnight Fund,ITI Mutual Fund,Debt,Overnight Mutual Funds,1,1,500,5000,0.08,26.0,3.0,5.2,3.8,,147713,1365.4852,2026-04-12,24.0312,Open Ended,Debt Scheme - Overnight Fund,ITI Overnight Fund - Direct Plan - Growth Option,2019-10-09,exact_name_amc,master,high,False,Master dataset via exact_name_amc.
ITI Small Cap Fund,ITI Mutual Fund,Equity,Small Cap Mutual Funds,6,1,500,5000,0.44,1015.0,3.0,6.5,29.4,,147919,30.5988,2026-04-10,1495.7019,Open Ended,Equity Scheme - Small Cap Fund,ITI Small Cap Fund - Direct Plan - Growth Option,2020-01-27,exact_name_amc,master,high,False,Master dataset via exact_name_amc.
ITI Ultra Short Duration Fund,ITI Mutual Fund,Debt,Ultra Short Duration Funds,2,2,500,5000,0.1,119.0,2.0,5.3,,,148913,1343.2568,2026-04-10,99.2842,Open Ended,Debt Scheme - Ultra Short Duration Fund,ITI Ultra Short Duration Fund - Direct Plan - Growth Option,2021-04-19,exact_name_amc,master,high,False,Master dataset via exact_name_amc.
JM Arbitrage Fund,JM Financial Mutual Fund,Hybrid,Arbitrage Mutual Funds,1,1,500,5000,0.36,60.0,10.0,5.4,3.7,4.5,133395,18.7257,2026-04-10,2.3287999999999998,Open Ended,Hybrid Scheme - Arbitrage Fund,JM Arbitrage Fund (Direct) - Annual Bonus Option - Principal Units,2006-06-01,exact_name_amc,master,high,False,Master dataset via exact_name_amc.
JM Dynamic Bond Fund,JM Financial Mutual Fund,Debt,Dynamic Bond,2,4,1000,5000,0.63,43.0,10.0,4.8,6.0,6.1,133388,42.9228,2025-01-27,,Open Ended,Debt Scheme - Dynamic Bond,JM Dynamic Bond Fund - (Direct) - Half Yearly Bonus Option - Principal Units,2003-06-23,exact_name_amc,master,high,False,Master dataset via exact_name_amc.
JM Equity Hybrid Fund,JM Financial Mutual Fund,Hybrid,Aggressive Hybrid Mutual Funds,6,4,500,5000,1.37,11.0,10.0,8.0,29.5,11.2,,351.3035,,,,,,,unmatched,imputed_subcategory_style,synthetic,True,Synthetic peer-based NAV using 6 comparable schemes.
JM Flexicap Fund,JM Financial Mutual Fund,Equity,Flexi Cap Funds,6,4,500,5000,1.62,255.0,10.0,5.2,30.7,13.8,109522,90.3301,2026-04-10,2728.9578,Open Ended,Equity Scheme - Flexi Cap Fund,JM Flexicap Fund (Regular) - Growth option,2008-07-31,exact_name_amc,master,high,False,Master dataset via exact_name_amc.
JM Focused Fund,JM Financial Mutual Fund,Equity,Focused Funds,6,1,500,5000,1.58,42.0,10.0,3.1,19.4,8.6,107410,18.729,2026-04-10,241.4273,Open Ended,Equity Scheme - Focused Fund,JM Focused Fund (Regular) - Growth Option,2008-01-14,exact_name_amc,master,high,False,Master dataset via exact_name_amc.
JM Large Cap Fund,JM Financial Mutual Fund,Equity,Large Cap Mutual Funds,6,5,500,5000,1.8,44.0,10.0,1.8,18.3,10.4,100219,147.9494,2026-04-10,308.0353,Open Ended,Equity Scheme - Large Cap Fund,JM Large Cap Fund (Regular) - Growth Option,1995-04-01,exact_name_amc,master,high,False,Master dataset via exact_name_amc.
JM Liquid Fund,JM Financial Mutual Fund,Debt,Liquid Mutual Funds,2,4,1000,5000,0.15,1426.0,10.0,5.6,4.2,5.3,101549,23.8904,2026-04-12,0.1883,Open Ended,Debt Scheme - Liquid Fund,JM Liquid Fund (Regular) - Bonus Option - Principal Units,2002-08-17,exact_name_amc,master,high,False,Master dataset via exact_name_amc.
JM Low Duration Fund,JM Financial Mutual Fund,Debt,Low Duration Funds,2,4,1000,5000,0.34,151.0,10.0,5.1,11.5,5.3,143610,24.0434,2026-04-10,0.0302,Open Ended,Debt Scheme - Low Duration Fund,JM Low Duration Fund (Direct) - Bonus Option - Principal Units,2006-09-25,exact_name_amc,master,high,False,Master dataset via exact_name_amc.
JM Medium to Long Duration Fund,JM Financial Mutual Fund,Debt,Medium to Long Duration Funds,3,2,1000,5000,0.48,19.0,10.0,2.5,4.8,3.1,120428,28.556,2025-01-27,,Open Ended,Debt Scheme - Medium to Long Duration Fund,JM Medium to Long Duration Fund (Direct) - Bonus Option - Principal Units,2013-01-01,exact_name_amc,master,high,False,Master dataset via exact_name_amc.
JM Tax Gain Fund,JM Financial Mutual Fund,Equity,ELSS Mutual Funds,6,3,500,500,1.45,70.0,10.0,0.9,26.2,12.8,,105.6218,,,,,,,unmatched,imputed_subcategory,synthetic,True,Synthetic peer-based NAV using 5 comparable schemes.
JM Value Fund,JM Financial Mutual Fund,Equity,Value Funds,6,2,500,5000,1.87,163.0,10.0,7.7,28.9,12.4,100254,88.9156,2026-04-10,633.0127,Open Ended,Equity Scheme - Value Fund,JM Value Fund (Regular) - Growth Option,1997-03-25,exact_name_amc,master,high,False,Master dataset via exact_name_amc.
Kotak Balanced Advantage Fund,Kotak Mahindra Mutual Fund,Hybrid,Dynamic Asset Allocation or Balanced Advantage,6,3,1000,1000,0.48,14279.0,5.0,5.5,18.1,,144333,20.375,2026-04-10,14436.896499999999,Open Ended,Hybrid Scheme - Dynamic Asset Allocation or Balanced Advantage,Kotak Balanced Advantage Fund -Regular Plan - Growth Option,2018-07-13,exact_name_amc,master,high,False,Master dataset via exact_name_amc.
Kotak Banking and PSU Debt Fund,Kotak Mahindra Mutual Fund,Debt,Banking and PSU Mutual Funds,3,3,1000,5000,0.37,5256.0,10.0,4.7,6.7,7.5,123693,71.0327,2026-04-10,3322.7201,Open Ended,Debt Scheme - Banking and PSU Fund,Kotak Banking and PSU Debt Direct - Growth,2000-01-02,exact_name_amc,master,high,False,Master dataset via exact_name_amc.
Kotak Bluechip Fund,Kotak Mahindra Mutual Fund,Equity,Large Cap Mutual Funds,6,5,100,1000,0.64,5259.0,10.0,3.3,26.8,12.6,,622.763,2025-01-06,,,,,,unmatched,archive_name,medium,False,Archive NAV matched using normalized scheme name.
Kotak Bond – Short Term Fund,Kotak Mahindra Mutual Fund,Debt,Short Duration Funds,3,3,1000,5000,0.36,12203.0,10.0,4.4,6.5,7.2,135500,15.8731,2026-04-10,242.93939999999998,Open Ended,Debt Scheme - Short Duration Fund,Kotak Bond Short Term Plan - Direct - Standard Income Distribution cum capital withdrawal option,2002-05-03,exact_name_amc,master,high,False,Master dataset via exact_name_amc.
Kotak Bond Fund,Kotak Mahindra Mutual Fund,Debt,Medium to Long Duration Funds,2,3,1000,5000,0.63,1584.0,10.0,4.1,6.4,7.7,119735,88.0197,2026-04-10,1347.3645999999999,Open Ended,Debt Scheme - Medium to Long Duration Fund,Kotak Bond Fund - Growth - Direct,1999-11-25,exact_name_amc,master,high,False,Master dataset via exact_name_amc.
Kotak Corporate Bond Fund,Kotak Mahindra Mutual Fund,Debt,Corporate Bond Mutual Funds,2,3,1000,5000,0.32,8880.0,10.0,4.5,6.4,7.1,133775,3761.963,2025-01-06,,Open Ended,Debt Scheme - Corporate Bond Fund,Kotak Corporate Bond Fund- Standard Plan-Bonus Option,2007-09-18,exact_name_amc,archive_name,medium,False,Archive NAV matched using normalized scheme name.
Kotak Credit Risk Fund,Kotak Mahindra Mutual Fund,Debt,Credit Risk Funds,5,2,1000,5000,0.74,1204.0,10.0,1.6,5.9,6.4,117715,13.4976,2026-04-10,1.4577,Open Ended,Debt Scheme - Credit Risk Fund,Kotak Credit Risk Fund - Regular Plan - Standard Income Distribution cum capital withdrawal option,2010-04-12,exact_name_amc,master,high,False,Master dataset via exact_name_amc.
Kotak Debt Hybrid Fund,Kotak Mahindra Mutual Fund,Hybrid,Conservative Hybrid Mutual Funds,4,5,1000,5000,0.44,1650.0,10.0,6.1,14.3,10.0,114859,58.6245,2026-04-10,1767.9858,Open Ended,Hybrid Scheme - Conservative Hybrid Fund,Kotak Debt Hybrid - Growth,2003-12-02,exact_name_amc,master,high,False,Master dataset via exact_name_amc.
Kotak Dynamic Bond Fund,Kotak Mahindra Mutual Fund,Debt,Dynamic Bond,3,4,1000,5000,0.4,1992.0,10.0,3.9,6.6,7.8,117998,14.466,2026-04-10,6.831799999999999,Open Ended,Debt Scheme - Dynamic Bond,Kotak Dynamic Bond Fund Regular Plan - Standard Income Distribution cum capital withdrawal option,2008-05-26,exact_name_amc,master,high,False,Master dataset via exact_name_amc.
Kotak Emerging Equity Fund,Kotak Mahindra Mutual Fund,Equity,Mid Cap Mutual Funds,6,4,100,100,0.49,23962.0,10.0,6.6,34.0,15.2,,209.6417,,,,,,,unmatched,imputed_subcategory,synthetic,True,Synthetic peer-based NAV using 19 comparable schemes.
Kotak Equity Arbitrage Fund,Kotak Mahindra Mutual Fund,Hybrid,Arbitrage Mutual Funds,1,4,1000,5000,0.43,21917.0,10.0,5.8,4.9,5.6,,38.6763,2025-01-06,,,,,,unmatched,archive_name,medium,False,Archive NAV matched using normalized scheme name.
Kotak Equity Hybrid Fund,Kotak Mahindra Mutual Fund,Hybrid,Aggressive Hybrid Mutual Funds,6,0,1000,5000,0.58,3269.0,8.0,5.0,26.9,12.8,,70.805,2025-01-06,,,,,,unmatched,archive_name,medium,False,Archive NAV matched using normalized scheme name.
Kotak Equity Opportunities – Direct Growth,Kotak Mahindra Mutual Fund,Equity,Large & Mid Cap Funds,6,4,500,500,0.6,11608.0,10.0,6.2,28.8,13.9,,377.28,2025-01-06,,,,,,unmatched,archive_name,medium,False,Archive NAV matched using normalized scheme name.
Kotak Equity Savings Fund,Kotak Mahindra Mutual Fund,Hybrid,Equity Savings Mutual Funds,4,4,1000,5000,1.02,2097.0,8.0,6.6,14.4,9.2,131372,26.7075,2026-04-10,6101.7712,Open Ended,Hybrid Scheme - Equity Savings,Kotak Equity Savings Fund - Regular - Growth,2014-09-17,exact_name_amc,master,high,False,Master dataset via exact_name_amc.
Kotak Flexi Cap Fund,Kotak Mahindra Mutual Fund,Equity,Flexi Cap Funds,6,3,500,5000,0.68,35775.0,10.0,3.8,25.0,11.7,,92.0772,,,,,,,unmatched,imputed_subcategory,synthetic,True,Synthetic peer-based NAV using 20 comparable schemes.
Kotak Floating Rate Fund,Kotak Mahindra Mutual Fund,Debt,Floater Mutual Funds,2,2,1000,5000,0.22,4796.0,4.0,4.6,7.0,,147269,1624.1922,2026-04-10,2675.4165999999996,Open Ended,Debt Scheme - Floater Fund,KOTAK FLOATING RATE FUND-DIRECT PLAN-GROWTH OPTION,2019-05-09,exact_name_amc,master,high,False,Master dataset via exact_name_amc.
Kotak Focused Equity Fund,Kotak Mahindra Mutual Fund,Equity,Focused Funds,6,3,1000,5000,0.51,2447.0,4.0,0.5,26.6,,,25.89,2025-01-06,,,,,,unmatched,archive_name,medium,False,Archive NAV matched using normalized scheme name.
Kotak Gilt – Invest Plan – Direct Growth,Kotak Mahindra Mutual Fund,Debt,Gilt Mutual Funds,2,4,1000,5000,0.41,1699.0,10.0,5.2,6.3,8.4,,87.1278,,,,,,,unmatched,imputed_subcategory_style,synthetic,True,Synthetic peer-based NAV using 5 comparable schemes.
Kotak Gilt Invest – PF & Trust Plan – Direct Growth,Kotak Mahindra Mutual Fund,Debt,Gilt Mutual Funds,2,4,1000,5000,0.41,1699.0,10.0,5.2,6.3,8.4,,87.1278,,,,,,,unmatched,imputed_subcategory_style,synthetic,True,Synthetic peer-based NAV using 5 comparable schemes.
Kotak Gold Fund,Kotak Mahindra Mutual Fund,Other,FoFs Domestic,5,3,1000,5000,0.18,1406.0,10.0,14.2,12.2,13.7,114758,57.0764,2026-04-10,4105.6867,Open Ended,Other Scheme - FoF Domestic,Kotak Gold Fund Growth,2011-03-04,exact_name_amc,master,high,False,Master dataset via exact_name_amc.
Kotak India EQ Contra Fund,Kotak Mahindra Mutual Fund,Equity,Contra Funds,6,4,1000,5000,0.81,1440.0,10.0,7.3,29.7,14.2,,169.954,2025-01-06,,,,,,unmatched,archive_name,medium,False,Archive NAV matched using normalized scheme name.
Kotak India Growth Fund,Kotak Mahindra Mutual Fund,Equity,Multi Cap Funds,6,0,0,5000,0.34,90.0,5.0,4.8,35.5,15.6,,246.6493,,,,,,,unmatched,imputed_subcategory,synthetic,True,Synthetic peer-based NAV using 5 comparable schemes.
Kotak Infrastructure & Ecoc. Reform-SP-DirGrowth,Kotak Mahindra Mutual Fund,Equity,Sectoral / Thematic Mutual Funds,6,4,1000,5000,1.0,727.0,10.0,23.2,39.7,13.9,,72.6241,,,,,,,unmatched,imputed_subcategory_style,synthetic,True,Synthetic peer-based NAV using 46 comparable schemes.
Kotak Liquid Fund,Kotak Mahindra Mutual Fund,Debt,Liquid Mutual Funds,3,2,1000,100,0.15,33220.0,10.0,5.6,4.3,5.3,119766,5587.9732,2026-04-12,34355.3004,Open Ended,Debt Scheme - Liquid Fund,Kotak Liquid Fund - Direct Plan - Growth,2000-10-04,exact_name_amc,master,high,False,Master dataset via exact_name_amc.
Kotak Low Duration Fund,Kotak Mahindra Mutual Fund,Debt,Low Duration Funds,3,3,1000,5000,0.43,7420.0,10.0,5.4,6.2,6.9,133812,1525.6186,2026-04-10,243.3662,Open Ended,Debt Scheme - Low Duration Fund,Kotak Low Duration Fund - Direct Plan- Standard Income Distribution cum capital withdrawal option,2008-02-29,exact_name_amc,master,high,False,Master dataset via exact_name_amc.
Kotak Medium Term Fund,Kotak Mahindra Mutual Fund,Debt,Medium Duration Funds,3,4,1000,5000,0.58,1934.0,9.0,4.0,7.0,6.6,128079,26.7375,2026-04-10,6.8812999999999995,Open Ended,Debt Scheme - Medium Duration Fund,Kotak Medium Term Fund - Direct - Standard Income Distribution cum capital withdrawal option,2014-02-28,exact_name_amc,master,high,False,Master dataset via exact_name_amc.
Kotak Money Market Fund,Kotak Mahindra Mutual Fund,Debt,Money Market Funds,3,3,0,5000,0.26,14248.0,10.0,5.6,5.1,6.1,119746,4764.9118,2026-04-10,28865.4798,Open Ended,Debt Scheme - Money Market Fund,Kotak Money Market Fund - (Growth) - Direct,2007-01-01,exact_name_amc,master,high,False,Master dataset via exact_name_amc.
Kotak Multi Asset Allocator FoF – Dynamic – Direct Growth,Kotak Mahindra Mutual Fund,Other,FoFs Domestic,5,0,1000,5000,0.13,783.0,10.0,11.2,25.0,15.3,,48.3027,,,,,,,unmatched,imputed_subcategory_style,synthetic,True,Synthetic peer-based NAV using 5 comparable schemes.
Kotak Overnight Fund,Kotak Mahindra Mutual Fund,Debt,Overnight Mutual Funds,1,3,0,5000,0.07,8999.0,4.0,5.4,3.9,,146141,1439.4669,2026-04-12,6948.7726,Open Ended,Debt Scheme - Overnight Fund,Kotak Overnight Fund -Direct Plan-Growth Option,2019-01-10,exact_name_amc,master,high,False,Master dataset via exact_name_amc.
Kotak Savings Fund,Kotak Mahindra Mutual Fund,Debt,Ultra Short Duration Funds,3,3,1000,5000,0.37,12325.0,10.0,5.5,5.2,6.2,119750,47.1691,2026-04-10,13761.8972,Open Ended,Debt Scheme - Ultra Short Duration Fund,Kotak Savings Fund-Growth - Direct,2008-10-07,exact_name_amc,master,high,False,Master dataset via exact_name_amc.
Kotak Small Cap Fund,Kotak Mahindra Mutual Fund,Equity,Small Cap Mutual Funds,6,4,500,500,0.59,8617.0,10.0,-0.7,43.1,17.0,102875,238.699,2026-04-10,11495.499199999998,Open Ended,Equity Scheme - Small Cap Fund,Kotak-Small Cap Fund - Growth,2004-12-30,exact_name_amc,master,high,False,Master dataset via exact_name_amc.
Kotak Tax Saver Fund,Kotak Mahindra Mutual Fund,Equity,ELSS Mutual Funds,6,4,500,500,0.69,3167.0,10.0,5.0,28.9,14.4,,107.2765,,,,,,,unmatched,imputed_subcategory,synthetic,True,Synthetic peer-based NAV using 5 comparable schemes.
L&T Focused Equity Fund,L&T Mutual Fund,Equity,Focused Funds,6,3,500,5000,1.09,946.0,4.0,-0.7,33.7,11.3,,50.2795,,,,,,,unmatched,imputed_subcategory_style,synthetic,True,Synthetic peer-based NAV using 5 comparable schemes.
L&T India Large Cap Fund,L&T Mutual Fund,Equity,Large Cap Mutual Funds,6,2,500,5000,1.49,757.0,10.0,0.8,33.0,12.1,,539.8854,,,,,,,unmatched,imputed_subcategory_style,synthetic,True,Synthetic peer-based NAV using 6 comparable schemes.
LIC MF Arbitrage Fund,LIC Mutual Fund,Hybrid,Arbitrage Mutual Funds,1,2,1000,5000,0.31,27.0,4.0,5.5,4.4,,145895,15.171,2026-04-10,220.4806,Open Ended,Hybrid Scheme - Arbitrage Fund,LIC MF Arbitrage Fund-Direct Plan-Growth,2019-01-04,exact_name_amc,master,high,False,Master dataset via exact_name_amc.
LIC MF Banking & Fina Serv Fund,LIC Mutual Fund,Equity,Sectoral / Thematic Mutual Funds,6,2,1000,5000,1.54,121.0,8.0,13.9,22.7,8.5,,66.7096,,,,,,,unmatched,imputed_subcategory,synthetic,True,Synthetic peer-based NAV using 57 comparable schemes.
LIC MF Banking & PSU Debt Fund,LIC Mutual Fund,Debt,Banking and PSU Mutual Funds,2,3,1000,5000,0.28,1190.0,10.0,4.2,5.7,6.8,,25.946,,,,,,,unmatched,imputed_subcategory,synthetic,True,Synthetic peer-based NAV using 12 comparable schemes.
LIC MF Bond Fund,LIC Mutual Fund,Debt,Medium to Long Duration Funds,3,2,1000,5000,0.21,111.0,10.0,4.4,4.7,6.2,,43.8552,,,,,,,unmatched,imputed_subcategory_style,synthetic,True,Synthetic peer-based NAV using 5 comparable schemes.
LIC MF Children’s Gift Fund,LIC Mutual Fund,Solution Oriented,Childrens Funds,6,1,1000,5000,1.86,12.0,10.0,-1.9,17.1,7.6,,60.0908,,,,,,,unmatched,imputed_global,synthetic,True,Synthetic peer-based NAV using 504 comparable schemes.
LIC MF Debt Hybrid Fund,LIC Mutual Fund,Hybrid,Conservative Hybrid Mutual Funds,4,3,1000,5000,1.34,61.0,10.0,2.5,8.1,6.7,,60.816,,,,,,,unmatched,imputed_subcategory,synthetic,True,Synthetic peer-based NAV using 11 comparable schemes.
LIC MF Equity Hybrid Fund,LIC Mutual Fund,Hybrid,Aggressive Hybrid Mutual Funds,6,1,1000,5000,1.43,378.0,10.0,-0.5,15.1,8.3,,328.651,,,,,,,unmatched,imputed_subcategory_style,synthetic,True,Synthetic peer-based NAV using 6 comparable schemes.
LIC MF Flexi Cap Fund,LIC Mutual Fund,Equity,Flexi Cap Funds,6,2,1000,5000,1.74,383.0,10.0,-0.9,18.3,8.8,100313,94.3212,2026-04-10,882.9717999999999,Open Ended,Equity Scheme - Flexi Cap Fund,LIC MF Flexi Cap Fund-Regular Plan-Growth,1998-04-16,exact_name_amc,master,high,False,Master dataset via exact_name_amc.
LIC MF G-Sec Fund,LIC Mutual Fund,Debt,Gilt Mutual Funds,2,3,1000,10000,0.76,46.0,10.0,3.3,4.9,7.7,,44.6738,,,,,,,unmatched,imputed_subcategory_style,synthetic,True,Synthetic peer-based NAV using 5 comparable schemes.
LIC MF Infrastructure Fund,LIC Mutual Fund,Equity,Sectoral / Thematic Mutual Funds,6,3,1000,5000,1.47,90.0,10.0,6.7,29.8,11.2,107763,49.5084,2026-04-10,555.697,Open Ended,Equity Scheme - Sectoral/ Thematic,LIC MF Infrastructure Fund-Regular Plan-Growth,2008-01-31,exact_name_amc,master,high,False,Master dataset via exact_name_amc.
LIC MF Large & Mid Cap Fund,LIC Mutual Fund,Equity,Large & Mid Cap Funds,6,3,1000,5000,0.84,1888.0,8.0,-4.3,22.8,10.9,133711,37.009,2026-04-10,2383.8331,Open Ended,Equity Scheme - Large & Mid Cap Fund,LIC MF Large & Mid Cap Fund-Regular Plan-Growth,2015-02-02,exact_name_amc,master,high,False,Master dataset via exact_name_amc.
LIC MF Large Cap Fund,LIC Mutual Fund,Equity,Large Cap Mutual Funds,6,2,1000,5000,1.39,648.0,10.0,-3.2,19.7,10.9,106871,52.35,2026-04-10,1088.4741999999999,Open Ended,Equity Scheme - Large Cap Fund,LIC MF Large Cap Fund-Regular Plan-Growth,1994-09-01,exact_name_amc,master,high,False,Master dataset via exact_name_amc.
LIC MF Liquid Fund,LIC Mutual Fund,Debt,Liquid Mutual Funds,3,3,1000,5000,0.16,5996.0,10.0,5.6,4.4,5.3,120249,5021.9296,2026-04-12,12169.2164,Open Ended,Debt Scheme - Liquid Fund,LIC MF Liquid Fund-Direct Plan-Growth,2002-03-11,exact_name_amc,master,high,False,Master dataset via exact_name_amc.
LIC MF Nifty 50 Index Fund,LIC Mutual Fund,Other,Index Funds,6,3,1000,5000,0.2,53.0,10.0,1.0,25.8,11.7,120307,143.3378,2026-04-10,181.6952,Open Ended,Other Scheme - Index Funds,LIC MF Nifty 50 Index Fund-Direct Plan-Growth,2002-11-14,exact_name_amc,master,high,False,Master dataset via exact_name_amc.
LIC MF Overnight Fund,LIC Mutual Fund,Debt,Overnight Mutual Funds,1,4,1000,5000,0.07,951.0,4.0,5.4,3.9,,147515,1398.5311,2026-04-12,513.3608,Open Ended,Debt Scheme - Overnight Fund,LIC MF Overnight Fund-Direct Plan-Growth,2019-07-15,exact_name_amc,master,high,False,Master dataset via exact_name_amc.
LIC MF S&P BSE Sensex Index Fund,LIC Mutual Fund,Other,Index Funds,6,3,1000,5000,0.38,68.0,10.0,2.2,25.4,12.6,,43.4226,,,,,,,unmatched,imputed_subcategory_style,synthetic,True,Synthetic peer-based NAV using 6 comparable schemes.
LIC MF Savings Fund,LIC Mutual Fund,Debt,Low Duration Funds,2,3,1000,5000,0.27,707.0,10.0,5.0,5.9,5.6,,761.4534,,,,,,,unmatched,imputed_subcategory,synthetic,True,Synthetic peer-based NAV using 13 comparable schemes.
LIC MF Short Term Debt Fund,LIC Mutual Fund,Debt,Short Duration Funds,3,2,1000,5000,0.37,110.0,4.0,3.7,5.7,,,25.6424,,,,,,,unmatched,imputed_subcategory_style,synthetic,True,Synthetic peer-based NAV using 5 comparable schemes.
LIC MF Tax Plan – Direct Growth,LIC Mutual Fund,Equity,ELSS Mutual Funds,6,2,500,500,1.47,401.0,10.0,-1.9,20.5,9.9,,102.3113,,,,,,,unmatched,imputed_subcategory,synthetic,True,Synthetic peer-based NAV using 5 comparable schemes.
LIC MF Ultra Short Term Fund,LIC Mutual Fund,Debt,Ultra Short Duration Funds,1,1,1000,5000,0.3,40.0,3.0,5.0,4.5,,,1115.9187,,,,,,,unmatched,imputed_subcategory,synthetic,True,Synthetic peer-based NAV using 15 comparable schemes.
Mahindra Manulife Aggressive Hybrid Fund,Mahindra Manulife Mutual Fund,Hybrid,Aggressive Hybrid Mutual Funds,6,4,500,1000,0.65,615.0,4.0,2.7,24.6,,147447,26.2777,2026-04-10,1986.5278,Open Ended,Hybrid Scheme - Aggressive Hybrid Fund,Mahindra Manulife Aggressive Hybrid Fund - Regular Plan - Growth,2019-06-28,scheme_name_only,master,medium,False,Master dataset via scheme_name_only.
Mahindra Manulife Consumption Fund,Mahindra Manulife Mutual Fund,Equity,Sectoral / Thematic Mutual Funds,6,0,500,1000,0.82,54.0,4.0,5.7,21.3,,145355,20.7844,2026-04-10,499.38019999999995,Open Ended,Equity Scheme - Sectoral/ Thematic,Mahindra Manulife Consumption Fund- Regular Plan - Growth,2018-10-19,scheme_name_only,master,medium,False,Master dataset via scheme_name_only.
Mahindra Manulife Dynamic Bond Fund,Mahindra Manulife Mutual Fund,Debt,Dynamic Bond,3,2,500,1000,0.51,66.0,5.0,3.4,4.4,,144401,14.6248,2026-04-10,68.188,Open Ended,Debt Scheme - Dynamic Bond,Mahindra Manulife Dynamic Bond Fund - Regular Plan - Growth,2018-07-27,scheme_name_only,master,medium,False,Master dataset via scheme_name_only.
Mahindra Manulife ELSS Fund,Mahindra Manulife Mutual Fund,Equity,ELSS Mutual Funds,6,3,500,500,0.73,525.0,6.0,2.3,29.3,12.0,,97.3106,,,,,,,unmatched,imputed_subcategory,synthetic,True,Synthetic peer-based NAV using 5 comparable schemes.
Mahindra Manulife Equity Savings Fund,Mahindra Manulife Mutual Fund,Hybrid,Equity Savings Mutual Funds,4,4,500,1000,0.7,418.0,6.0,1.7,32.4,13.3,140447,21.0191,2026-04-10,517.0118,Open Ended,Hybrid Scheme - Equity Savings,Mahindra Manulife Equity Savings Fund - Regular Plan - Growth,2017-01-10,scheme_name_only,master,medium,False,Master dataset via scheme_name_only.
Mahindra Manulife Large & Mid Cap Fund,Mahindra Manulife Mutual Fund,Equity,Large & Mid Cap Funds,6,5,500,1000,0.51,1056.0,3.0,-1.1,30.4,,147843,25.9196,2026-04-10,2590.6492000000003,Open Ended,Equity Scheme - Large & Mid Cap Fund,Mahindra Manulife Large & Mid Cap Fund - Regular Plan - Growth,2019-12-06,scheme_name_only,master,medium,False,Master dataset via scheme_name_only.
Mahindra Manulife Large Cap Fund,Mahindra Manulife Mutual Fund,Equity,Large Cap Mutual Funds,6,4,500,1000,0.67,215.0,4.0,0.3,25.7,,146551,21.9806,2026-04-10,693.7617,Open Ended,Equity Scheme - Large Cap Fund,Mahindra Manulife Large Cap Fund - Regular Plan - Growth,2019-02-22,scheme_name_only,master,medium,False,Master dataset via scheme_name_only.
Mahindra Manulife Liquid Fund,Mahindra Manulife Mutual Fund,Debt,Liquid Mutual Funds,3,5,0,1000,0.15,514.0,7.0,5.7,4.5,5.4,139538,1801.7988,2026-04-12,958.8738000000001,Open Ended,Debt Scheme - Liquid Fund,Mahindra Manulife Liquid Fund - Direct Plan -Growth,2016-07-04,scheme_name_only,master,medium,False,Master dataset via scheme_name_only.
Mahindra Manulife Low Duration Fund,Mahindra Manulife Mutual Fund,Debt,Low Duration Funds,3,3,500,1000,0.37,395.0,6.0,5.2,5.5,6.4,140620,1706.6021,2026-04-10,467.0531,Open Ended,Debt Scheme - Low Duration Fund,Mahindra Manulife Low Duration Fund - Regular Plan - Growth,2017-02-14,scheme_name_only,master,medium,False,Master dataset via scheme_name_only.
Mahindra Manulife Mid Cap Fund,Mahindra Manulife Mutual Fund,Equity,Mid Cap Mutual Funds,6,3,500,1000,0.66,1060.0,5.0,3.7,31.0,14.7,142109,33.3524,2026-04-10,3542.384,Open Ended,Equity Scheme - Mid Cap Fund,Mahindra Manulife Mid Cap Fund - Regular Plan - Growth,2018-01-08,scheme_name_only,master,medium,False,Master dataset via scheme_name_only.
Mahindra Manulife Multi Cap Fund,Mahindra Manulife Mutual Fund,Equity,Multi Cap Funds,6,0,500,1000,0.49,1515.0,6.0,1.2,32.6,15.8,141224,35.089,2026-04-10,5061.2361,Open Ended,Equity Scheme - Multi Cap Fund,Mahindra Manulife Multi Cap Fund - Regular Plan - Growth,2017-04-20,scheme_name_only,master,medium,False,Master dataset via scheme_name_only.
Mahindra Manulife Overnight Fund,Mahindra Manulife Mutual Fund,Debt,Overnight Mutual Funds,1,4,0,1000,0.12,345.0,4.0,5.4,3.9,,147564,1396.5479,2026-04-12,114.1399,Open Ended,Debt Scheme - Overnight Fund,Mahindra Manulife Overnight Fund - Direct Plan -Growth,2019-07-22,scheme_name_only,master,medium,False,Master dataset via scheme_name_only.
Mahindra Manulife Short Duration Fund,Mahindra Manulife Mutual Fund,Debt,Short Duration Funds,3,3,500,1000,0.29,43.0,2.0,4.4,,,148727,13.2238,2026-04-10,50.5272,Open Ended,Debt Scheme - Short Duration Fund,Mahindra Manulife Short Duration Fund - Regular Plan - Growth,2021-02-09,scheme_name_only,master,medium,False,Master dataset via scheme_name_only.
Mahindra Manulife Ultra Short Duration Fund,Mahindra Manulife Mutual Fund,Debt,Ultra Short Duration Funds,2,4,500,1000,0.35,170.0,3.0,5.5,5.1,,147734,1440.4839,2026-04-10,165.2594,Open Ended,Debt Scheme - Ultra Short Duration Fund,Mahindra Manulife Ultra Short Duration Fund - Regular Plan - Growth,2019-10-10,scheme_name_only,master,medium,False,Master dataset via scheme_name_only.
Mirae Asset Banking and PSU Debt Fund,Mirae Asset Mutual Fund,Debt,Banking and PSU Mutual Funds,2,3,1000,5000,0.34,89.0,3.0,3.7,,,,20.9871,,,,,,,unmatched,imputed_subcategory,synthetic,True,Synthetic peer-based NAV using 12 comparable schemes.
Mirae Asset Cash Management Fund,Mirae Asset Mutual Fund,Debt,Liquid Mutual Funds,2,3,1000,5000,0.17,5983.0,10.0,5.6,4.3,5.3,,1202.628,,,,,,,unmatched,imputed_subcategory_style,synthetic,True,Synthetic peer-based NAV using 15 comparable schemes.
Mirae Asset Corporate Bond Fund,Mirae Asset Mutual Fund,Debt,Corporate Bond Mutual Funds,2,3,1000,5000,0.46,57.0,2.0,3.7,,,148755,13.4831,2026-04-10,33.1809,Open Ended,Debt Scheme - Corporate Bond Fund,Mirae Asset Corporate Bond Fund Direct Growth Plan,2021-02-24,scheme_name_only,master,medium,False,Master dataset via scheme_name_only.
Mirae Asset Dynamic Bond Fund,Mirae Asset Mutual Fund,Debt,Dynamic Bond,3,2,1000,5000,0.18,213.0,6.0,2.8,4.5,7.2,140769,18.5115,2026-04-10,82.5062,Open Ended,Debt Scheme - Dynamic Bond,Mirae Asset Dynamic Bond Fund -Direct Plan -Growth,2017-03-03,scheme_name_only,master,medium,False,Master dataset via scheme_name_only.
Mirae Asset Emerging Bluechip Fund,Mirae Asset Mutual Fund,Equity,Large & Mid Cap Funds,6,5,1000,5000,0.68,23394.0,10.0,-1.2,29.4,15.1,,679.879,,,,,,,unmatched,imputed_subcategory_style,synthetic,True,Synthetic peer-based NAV using 5 comparable schemes.
Mirae Asset Equity Savings Fund,Mirae Asset Mutual Fund,Hybrid,Equity Savings Mutual Funds,4,5,1000,5000,0.43,573.0,4.0,3.7,16.1,,145695,20.676,2026-04-10,978.2859,Open Ended,Hybrid Scheme - Equity Savings,Mirae Asset Equity Savings Fund- Regular Plan- Growth,2018-11-26,scheme_name_only,master,medium,False,Master dataset via scheme_name_only.
Mirae Asset Focused Fund,Mirae Asset Mutual Fund,Equity,Focused Funds,6,4,1000,5000,0.59,8615.0,4.0,-4.9,28.4,,147203,22.818,2026-04-10,5554.392900000001,Open Ended,Equity Scheme - Focused Fund,Mirae Asset Focused Fund Regular Plan Growth,2019-04-23,scheme_name_only,master,medium,False,Master dataset via scheme_name_only.
Mirae Asset Great Consumer Fund,Mirae Asset Mutual Fund,Equity,Sectoral / Thematic Mutual Funds,6,3,1000,5000,0.5,1989.0,10.0,8.1,27.2,14.0,114931,86.463,2026-04-10,3624.7473,Open Ended,Equity Scheme - Sectoral/ Thematic,Mirae Asset Great Consumer Fund - Regular Plan - Growth option,2011-03-09,scheme_name_only,master,medium,False,Master dataset via scheme_name_only.
Mirae Asset Healthcare Fund,Mirae Asset Mutual Fund,Equity,Sectoral / Thematic Mutual Funds,6,0,1000,5000,0.52,1505.0,5.0,-10.7,25.0,,143785,38.262,2026-04-10,2029.6363000000001,Open Ended,Equity Scheme - Sectoral/ Thematic,Mirae Asset Healthcare Fund -Regular Growth,2018-06-11,scheme_name_only,master,medium,False,Master dataset via scheme_name_only.
Mirae Asset Hybrid – Equity Fund,Mirae Asset Mutual Fund,Hybrid,Aggressive Hybrid Mutual Funds,6,4,1000,5000,0.36,6952.0,8.0,1.7,21.9,12.2,,328.4356,,,,,,,unmatched,imputed_subcategory_style,synthetic,True,Synthetic peer-based NAV using 6 comparable schemes.
Mirae Asset Large Cap Fund,Mirae Asset Mutual Fund,Equity,Large Cap Mutual Funds,6,3,1000,5000,0.53,32910.0,10.0,0.6,25.3,12.1,107578,108.193,2026-04-10,23786.6883,Open Ended,Equity Scheme - Large Cap Fund,Mirae Asset Large Cap Fund - Growth Plan,2008-02-11,scheme_name_only,master,medium,False,Master dataset via scheme_name_only.
Mirae Asset Midcap Fund,Mirae Asset Mutual Fund,Equity,Mid Cap Mutual Funds,6,4,1000,5000,0.58,8753.0,4.0,1.2,35.0,,147479,35.869,2026-04-10,12118.5637,Open Ended,Equity Scheme - Mid Cap Fund,Mirae Asset Midcap Fund - Regular Plan-Growth Option,2019-07-08,scheme_name_only,master,medium,False,Master dataset via scheme_name_only.
Mirae Asset Money Market Fund,Mirae Asset Mutual Fund,Debt,Money Market Funds,2,3,1000,5000,0.25,59.0,2.0,5.3,,,149112,1342.2251,2026-04-10,3125.6419,Open Ended,Debt Scheme - Money Market Fund,Mirae Asset Money Market Fund Direct Growth,2021-08-04,scheme_name_only,master,medium,False,Master dataset via scheme_name_only.
Mirae Asset Overnight Fund,Mirae Asset Mutual Fund,Debt,Overnight Mutual Funds,1,5,1000,5000,0.11,632.0,3.0,5.4,3.9,,147736,1383.6245,2026-04-12,1335.5184,Open Ended,Debt Scheme - Overnight Fund,Mirae Asset Overnight Fund Direct Plan Growth,2019-10-15,scheme_name_only,master,medium,False,Master dataset via scheme_name_only.
Mirae Asset Savings Fund,Mirae Asset Mutual Fund,Debt,Low Duration Funds,2,3,1000,5000,0.37,606.0,10.0,5.2,5.6,5.9,,761.2258,,,,,,,unmatched,imputed_subcategory,synthetic,True,Synthetic peer-based NAV using 13 comparable schemes.
Mirae Asset Short Term Fund,Mirae Asset Mutual Fund,Debt,Short Duration Funds,2,3,1000,5000,0.31,406.0,5.0,4.5,6.1,6.7,,26.7361,,,,,,,unmatched,imputed_subcategory_style,synthetic,True,Synthetic peer-based NAV using 5 comparable schemes.
Mirae Asset Tax Saver Fund,Mirae Asset Mutual Fund,Equity,ELSS Mutual Funds,6,5,500,500,0.54,14043.0,7.0,0.6,30.3,15.3,,101.4354,,,,,,,unmatched,imputed_subcategory,synthetic,True,Synthetic peer-based NAV using 5 comparable schemes.
Mirae Asset Ultra Short Duration Fund,Mirae Asset Mutual Fund,Debt,Ultra Short Duration Funds,2,3,1000,5000,0.29,284.0,2.0,5.5,,,148529,1389.2944,2026-04-10,1033.1925,Open Ended,Debt Scheme - Ultra Short Duration Fund,Mirae Asset Ultra Short Duration Fund Direct Growth,2020-09-28,scheme_name_only,master,medium,False,Master dataset via scheme_name_only.
Motilal Oswal Balance Advantage Fund,Motilal Oswal Mutual Fund,Hybrid,Dynamic Asset Allocation or Balanced Advantage,6,1,500,500,1.19,667.0,6.0,0.3,9.9,5.6,,23.1206,,,,,,,unmatched,imputed_subcategory,synthetic,True,Synthetic peer-based NAV using 15 comparable schemes.
Motilal Oswal Equity Hybrid Fund,Motilal Oswal Mutual Fund,Hybrid,Aggressive Hybrid Mutual Funds,6,3,500,500,0.94,385.0,5.0,1.7,32.4,13.3,,315.5883,,,,,,,unmatched,imputed_subcategory_style,synthetic,True,Synthetic peer-based NAV using 6 comparable schemes.
Motilal Oswal Flexi Cap Fund,Motilal Oswal Mutual Fund,Equity,Flexi Cap Funds,6,1,500,500,0.97,8332.0,9.0,-1.6,16.4,4.9,129048,55.4118,2026-04-10,7240.9126,Open Ended,Equity Scheme - Flexi Cap Fund,Motilal Oswal Flexi Cap Fund Regular Plan-Growth Option,2014-04-07,exact_name_amc,master,high,False,Master dataset via exact_name_amc.
Motilal Oswal Focused Fund,Motilal Oswal Mutual Fund,Equity,Focused Funds,6,2,500,500,1.0,1643.0,10.0,2.6,20.4,10.6,122387,42.679,2026-04-10,916.5213,Open Ended,Equity Scheme - Focused Fund,Motilal Oswal Focused Fund - Regular Plan Growth Option,2013-04-22,exact_name_amc,master,high,False,Master dataset via exact_name_amc.
Motilal Oswal Large and Midcap Fund,Motilal Oswal Mutual Fund,Equity,Large & Mid Cap Funds,6,3,500,500,0.73,1415.0,3.0,10.7,28.9,,147701,33.2504,2026-04-10,8242.1996,Open Ended,Equity Scheme - Large & Mid Cap Fund,Motilal Oswal Large and Midcap Fund - Regular Plan Growth,2019-09-27,exact_name_amc,master,high,False,Master dataset via exact_name_amc.
Motilal Oswal Liquid Fund,Motilal Oswal Mutual Fund,Debt,Liquid Mutual Funds,2,1,500,500,0.21,484.0,4.0,5.2,3.8,,147444,13.9203,2026-04-12,,Open Ended,Debt Scheme - Liquid Fund,Motilal Oswal Liquid Fund - Unclaimed Redemption - Upto 3 years,2018-12-11,exact_name_amc,master,high,False,Master dataset via exact_name_amc.
Motilal Oswal Long Term Equity Fund,Motilal Oswal Mutual Fund,Equity,ELSS Mutual Funds,6,3,500,500,0.8,2187.0,8.0,8.5,25.0,10.0,,100.1319,,,,,,,unmatched,imputed_subcategory,synthetic,True,Synthetic peer-based NAV using 5 comparable schemes.
Motilal Oswal Midcap Fund,Motilal Oswal Mutual Fund,Equity,Mid Cap Mutual Funds,6,5,500,500,0.87,3769.0,9.0,14.6,34.0,16.4,127042,104.241,2026-04-10,20533.5216,Open Ended,Equity Scheme - Mid Cap Fund,Motilal Oswal Midcap Fund-Direct Plan-Growth Option,2014-02-03,exact_name_amc,master,high,False,Master dataset via exact_name_amc.
Motilal Oswal Nasdaq 100 FOF – Direct Growth,Motilal Oswal Mutual Fund,Other,FoFs Overseas,6,0,500,500,0.1,3378.0,4.0,-6.2,21.4,,145552,54.1223,2026-04-10,3504.4622,Open Ended,Other Scheme - FoF Domestic,Motilal Oswal Nasdaq 100 Fund of Fund- Direct Plan Growth,2018-11-09,exact_name_amc,master,high,False,Master dataset via exact_name_amc.
Motilal Oswal Nifty 50 Index Fund,Motilal Oswal Mutual Fund,Other,Index Funds,6,4,500,500,0.14,234.0,3.0,0.1,26.0,,147794,20.8438,2026-04-10,597.569,Open Ended,Other Scheme - Index Funds,Motilal Oswal Nifty 50 Index Fund - Direct plan - Growth,2019-12-03,exact_name_amc,master,high,False,Master dataset via exact_name_amc.
Motilal Oswal Nifty 500 Index Fund,Motilal Oswal Mutual Fund,Other,Index Funds,6,3,500,500,0.4,372.0,4.0,-1.2,26.7,,147625,25.9806,2026-04-10,2347.8286,Open Ended,Other Scheme - Index Funds,Motilal Oswal Nifty 500 Index Fund - Direct Plan,2019-08-19,exact_name_amc,master,high,False,Master dataset via exact_name_amc.
Motilal Oswal Nifty Bank Index Fund,Motilal Oswal Mutual Fund,Other,Index Funds,6,2,500,500,0.21,332.0,4.0,10.8,25.0,,147620,20.7037,2026-04-10,547.1623999999999,Open Ended,Other Scheme - Index Funds,Motilal Oswal Nifty Bank Index Fund - Direct Plan,2019-08-19,exact_name_amc,master,high,False,Master dataset via exact_name_amc.
Motilal Oswal Nifty Midcap 150 Index Fund,Motilal Oswal Mutual Fund,Other,Index Funds,6,3,500,500,0.22,644.0,4.0,4.8,33.7,,147622,38.5721,2026-04-10,2450.0781,Open Ended,Other Scheme - Index Funds,Motilal Oswal Nifty Midcap 150 Index Fund - Direct Plan,2019-08-19,exact_name_amc,master,high,False,Master dataset via exact_name_amc.
Motilal Oswal Nifty Next 50 Index Fund,Motilal Oswal Mutual Fund,Other,Index Funds,6,2,500,500,0.33,118.0,3.0,-5.9,21.8,,147796,24.2558,2026-04-10,259.0657,Open Ended,Other Scheme - Index Funds,Motilal Oswal Nifty Next 50 Index Fund - Direct plan - Growth,2019-12-03,exact_name_amc,master,high,False,Master dataset via exact_name_amc.
Motilal Oswal Nifty Smallcap 250 Index Fund,Motilal Oswal Mutual Fund,Other,Index Funds,6,2,500,500,0.31,312.0,4.0,-4.8,37.1,,147623,35.2457,2026-04-10,738.8815,Open Ended,Other Scheme - Index Funds,Motilal Oswal Nifty Smallcap 250 Index Fund- Direct Plan,2019-08-19,exact_name_amc,master,high,False,Master dataset via exact_name_amc.
Motilal Oswal Ultra Short Term Fund,Motilal Oswal Mutual Fund,Debt,Ultra Short Duration Funds,1,1,500,500,0.58,101.0,10.0,4.7,3.9,1.8,124233,17.1359,2026-04-10,399.06260000000003,Open Ended,Debt Scheme - Ultra Short Duration Fund,Motilal Oswal Ultra Short Term Fund (MOFUSTF)-Regular Plan- Growth,2013-09-04,exact_name_amc,master,high,False,Master dataset via exact_name_amc.
Navi 3 In 1 Fund,Navi Mutual Fund,Hybrid,Multi Asset Allocation Mutual Funds,6,2,500,1000,0.34,15.0,10.0,0.2,32.6,12.4,115102,67.3707,,,Open Ended,Hybrid Scheme - Multi Asset Allocation,PPeerless MF Child Plan-Dividend Option-Monthly Dividendeerless MF Child Plan-Dividend Option-Monthly Dividend,2011-03-11,exact_name_amc,imputed_category_risk,synthetic,True,Synthetic peer-based NAV using 26 comparable schemes.
Navi ELSS Tax Saver Fund,Navi Mutual Fund,Equity,ELSS Mutual Funds,6,2,500,500,0.4,56.0,7.0,1.3,23.4,10.5,135655,27.3039,2026-04-10,39.5107,Open Ended,Equity Scheme - ELSS,Navi ELSS Tax Saver Fund- Regular Plan- Growth Option,2015-11-09,exact_name_amc,master,high,False,Master dataset via exact_name_amc.
Navi Equity Hybrid Fund,Navi Mutual Fund,Hybrid,Aggressive Hybrid Mutual Funds,6,3,500,10,0.42,82.0,5.0,3.2,19.7,,,298.5818,,,,,,,unmatched,imputed_subcategory_style,synthetic,True,Synthetic peer-based NAV using 6 comparable schemes.
Navi Flexi Cap Fund,Navi Mutual Fund,Equity,Flexi Cap Funds,6,3,500,10,0.43,202.0,5.0,2.1,25.9,,143787,23.0,2026-04-10,210.62009999999998,Open Ended,Equity Scheme - Flexi Cap Fund,Navi Flexi Cap Fund - Regular Plan - Growth,2018-06-18,exact_name_amc,master,high,False,Master dataset via exact_name_amc.
Navi Large & Midcap Fund,Navi Mutual Fund,Equity,Large & Mid Cap Funds,6,3,500,10,0.35,234.0,7.0,1.6,28.7,12.7,135678,34.1504,2026-04-10,232.28080000000003,Open Ended,Equity Scheme - Large & Mid Cap Fund,Navi Large & Midcap Fund- Regular Plan- Growth Option,2015-11-16,exact_name_amc,master,high,False,Master dataset via exact_name_amc.
Navi Large Cap Equity Fund,Navi Mutual Fund,Equity,Large Cap Mutual Funds,6,2,500,1000,0.31,91.0,10.0,0.2,32.6,12.4,,539.5328,,,,,,,unmatched,imputed_subcategory_style,synthetic,True,Synthetic peer-based NAV using 6 comparable schemes.
Navi Regular Savings Fund,Navi Mutual Fund,Hybrid,Conservative Hybrid Mutual Funds,4,3,500,10,0.39,26.0,10.0,4.4,8.4,6.5,,60.8534,,,,,,,unmatched,imputed_subcategory,synthetic,True,Synthetic peer-based NAV using 11 comparable schemes.
Navi Ultra Short Term Fund,Navi Mutual Fund,Debt,Ultra Short Duration Funds,2,1,500,1000,0.73,11.0,10.0,1.7,32.4,13.3,,1575.2157,,,,,,,unmatched,imputed_subcategory,synthetic,True,Synthetic peer-based NAV using 15 comparable schemes.
Nippon India Arbitrage Fund,Nippon India Mutual Fund,Hybrid,Arbitrage Mutual Funds,1,4,100,5000,0.21,9234.0,10.0,5.6,4.9,5.7,118585,30.1372,2026-04-10,10006.2725,Open Ended,Hybrid Scheme - Arbitrage Fund,Nippon India Arbitrage Fund - Direct Plan Growth Plan - Growth Option,2010-09-24,exact_name_amc,master,high,False,Master dataset via exact_name_amc.
Nippon India Balanced Advantage Fund,Nippon India Mutual Fund,Hybrid,Dynamic Asset Allocation or Balanced Advantage,5,3,100,100,0.65,6593.0,10.0,5.3,17.1,10.1,102846,177.1862,2026-04-10,8195.6978,Open Ended,Hybrid Scheme - Dynamic Asset Allocation or Balanced Advantage,Nippon India Balanced Advantage Fund-Growth Plan-Growth Option,2004-10-16,exact_name_amc,master,high,False,Master dataset via exact_name_amc.
Nippon India Banking & PSU Debt Fund,Nippon India Mutual Fund,Debt,Banking and PSU Mutual Funds,3,4,100,5000,0.33,4008.0,8.0,4.2,6.9,7.4,,20.578,2025-01-06,,,,,,unmatched,archive_name,medium,False,Archive NAV matched using normalized scheme name.
Nippon India Banking&Financial Services-DirGrowth,Nippon India Mutual Fund,Equity,Sectoral / Thematic Mutual Funds,6,3,100,5000,1.32,3826.0,10.0,8.8,28.3,9.5,,68.5542,,,,,,,unmatched,imputed_subcategory_style,synthetic,True,Synthetic peer-based NAV using 46 comparable schemes.
Nippon India Consumption Fund,Nippon India Mutual Fund,Equity,Sectoral / Thematic Mutual Funds,6,5,100,5000,1.76,312.0,10.0,12.1,30.6,14.6,102751,179.4091,2026-04-10,2228.4737,Open Ended,Equity Scheme - Sectoral/ Thematic,Nippon India Consumption Fund-Growth Plan-Growth Option,2004-09-16,exact_name_amc,master,high,False,Master dataset via exact_name_amc.
Nippon India Corporate Bond Fund,Nippon India Mutual Fund,Debt,Corporate Bond Mutual Funds,3,5,100,5000,0.32,1701.0,10.0,5.1,6.8,7.0,118814,65.507,2026-04-10,7509.766500000001,Open Ended,Debt Scheme - Corporate Bond Fund,Nippon India Corporate Bond Fund - Direct Plan Growth Plan - Growth Option,2000-08-16,exact_name_amc,master,high,False,Master dataset via exact_name_amc.
Nippon India Credit Risk Fund,Nippon India Mutual Fund,Debt,Credit Risk Funds,5,2,100,500,1.0,927.0,10.0,4.8,9.5,4.4,,36.6123,2025-01-06,,,,,,unmatched,archive_name,medium,False,Archive NAV matched using normalized scheme name.
Nippon India Dynamic Bond Fund,Nippon India Mutual Fund,Debt,Dynamic Bond,3,1,100,5000,0.28,3340.0,10.0,3.6,5.6,6.7,118747,41.2477,2026-04-10,2750.8014000000003,Open Ended,Debt Scheme - Dynamic Bond,Nippon India Dynamic Bond Fund - Direct Plan Growth Plan - Growth Option,2004-10-16,exact_name_amc,master,high,False,Master dataset via exact_name_amc.
Nippon India Equity Hybrid Fund,Nippon India Mutual Fund,Hybrid,Aggressive Hybrid Mutual Funds,5,1,100,500,1.31,2764.0,10.0,4.2,24.3,5.9,,113.2048,2025-01-06,,,,,,unmatched,archive_name,medium,False,Archive NAV matched using normalized scheme name.
Nippon India Equity Savings Fund,Nippon India Mutual Fund,Hybrid,Equity Savings Mutual Funds,2,1,100,5000,0.69,178.0,8.0,3.9,12.2,1.3,,16.8933,2025-01-06,,,,,,unmatched,archive_name,medium,False,Archive NAV matched using normalized scheme name.
Nippon India Floating Rate Fund,Nippon India Mutual Fund,Debt,Floater Mutual Funds,3,3,100,5000,0.27,7288.0,10.0,4.5,6.9,7.1,,45.4312,2025-01-06,,,,,,unmatched,archive_name,medium,False,Archive NAV matched using normalized scheme name.
Nippon India Focused Equity Fund,Nippon India Mutual Fund,Equity,Focused Funds,6,3,100,5000,1.2,5929.0,10.0,3.2,33.0,11.9,,124.7014,2025-01-06,,,,,,unmatched,archive_name,medium,False,Archive NAV matched using normalized scheme name.
Nippon India Gold Savings Fund,Nippon India Mutual Fund,Other,FoFs Domestic,5,2,100,100,0.19,1447.0,10.0,14.2,11.7,13.1,114616,56.8393,2026-04-10,4557.8596,Open Ended,Other Scheme - FoF Domestic,Nippon India Gold Savings Fund-Growth plan- Growth Option,2011-02-14,exact_name_amc,master,high,False,Master dataset via exact_name_amc.
Nippon India Growth Fund,Nippon India Mutual Fund,Equity,Mid Cap Mutual Funds,6,4,100,100,1.09,13409.0,10.0,5.6,32.4,14.5,,4038.4696,2025-01-06,,,,,,unmatched,archive_name,medium,False,Archive NAV matched using normalized scheme name.
Nippon India GSF – Direct Growth,Nippon India Mutual Fund,Debt,Gilt Mutual Funds,2,3,100,5000,0.63,1158.0,10.0,4.4,5.5,8.3,,86.8246,,,,,,,unmatched,imputed_subcategory_style,synthetic,True,Synthetic peer-based NAV using 5 comparable schemes.
Nippon India Hybrid Bond Fund,Nippon India Mutual Fund,Hybrid,Conservative Hybrid Mutual Funds,6,1,100,5000,1.26,716.0,10.0,5.1,9.6,3.4,,60.3811,2025-01-06,,,,,,unmatched,archive_name,medium,False,Archive NAV matched using normalized scheme name.
Nippon India Income Fund,Nippon India Mutual Fund,Debt,Medium to Long Duration Funds,2,3,100,5000,0.58,238.0,10.0,6.0,5.8,7.9,,96.1054,2025-01-06,,,,,,unmatched,archive_name,medium,False,Archive NAV matched using normalized scheme name.
Nippon India Index Fund,Nippon India Mutual Fund,Other,Index Funds,6,4,100,5000,0.15,374.0,10.0,1.5,25.6,13.0,,43.5096,,,,,,,unmatched,imputed_subcategory_style,synthetic,True,Synthetic peer-based NAV using 6 comparable schemes.
Nippon India Index Fund,Nippon India Mutual Fund,Other,Index Funds,6,3,100,100,0.2,638.0,10.0,0.9,26.0,11.9,,43.4358,,,,,,,unmatched,imputed_subcategory_style,synthetic,True,Synthetic peer-based NAV using 6 comparable schemes.
Nippon India Large Cap Fund,Nippon India Mutual Fund,Equity,Large Cap Mutual Funds,6,3,100,100,1.01,12524.0,10.0,8.4,29.5,12.6,106235,88.118,2026-04-10,32446.370899999998,Open Ended,Equity Scheme - Large Cap Fund,Nippon India Large Cap  Fund- Growth Plan -Growth Option,2007-06-12,exact_name_amc,master,high,False,Master dataset via exact_name_amc.
Nippon India Liquid Fund,Nippon India Mutual Fund,Debt,Liquid Mutual Funds,2,3,100,1000,0.2,25358.0,10.0,5.6,4.4,5.4,100854,6240.5038,2025-01-06,,Open Ended,Debt Scheme - Liquid Fund,Nippon India Liquid Fund-Institutional Plan-Bonus,1998-03-16,exact_name_amc,archive_name,medium,False,Archive NAV matched using normalized scheme name.
Nippon India Low Duration Fund,Nippon India Mutual Fund,Debt,Low Duration Funds,2,4,100,500,0.37,6232.0,10.0,5.3,6.2,6.5,118709,4168.1932,2026-04-10,6895.908399999999,Open Ended,Debt Scheme - Low Duration Fund,Nippon India Low Duration Fund - Direct Plan Growth Plan - Growth Option,2007-03-15,exact_name_amc,master,high,False,Master dataset via exact_name_amc.
Nippon India Money Market Fund,Nippon India Mutual Fund,Debt,Money Market Funds,3,5,100,500,0.21,10718.0,10.0,5.7,5.3,6.3,118719,4419.5234,2026-04-10,16059.9799,Open Ended,Debt Scheme - Money Market Fund,Nippon India Money Market Fund - Direct Plan Growth Plan - Growth Option,2005-06-15,exact_name_amc,master,high,False,Master dataset via exact_name_amc.
Nippon India Multi Cap Fund,Nippon India Mutual Fund,Equity,Multi Cap Funds,6,0,100,100,1.12,14091.0,10.0,10.7,33.7,13.2,101161,287.9253,2026-04-10,38992.4608,Open Ended,Equity Scheme - Multi Cap Fund,Nippon India Multi Cap Fund-Growth Plan-Growth Option,2005-02-14,exact_name_amc,master,high,False,Master dataset via exact_name_amc.
Nippon India Nifty Next 50 Junior BeES FoF-Dir Growth,Nippon India Mutual Fund,Other,FoFs Domestic,6,2,100,100,0.02,148.0,4.0,-5.8,21.8,,146514,25.0752,2026-04-10,98.2508,Open Ended,Other Scheme - FoF Domestic,Nippon India Nifty Next 50 Junior BeES FoF - Growth Plan - Growth Option,2019-02-18,exact_name_amc,master,high,False,Master dataset via exact_name_amc.
Nippon India Overnight Fund,Nippon India Mutual Fund,Debt,Overnight Mutual Funds,1,4,100,100,0.08,8861.0,4.0,5.4,3.9,,145810,144.9357,2026-04-12,5970.4682999999995,Open Ended,Debt Scheme - Overnight Fund,Nippon India Overnight Fund - Direct Plan - Growth Option,2018-12-17,exact_name_amc,master,high,False,Master dataset via exact_name_amc.
Nippon India Pharma Fund,Nippon India Mutual Fund,Equity,Sectoral / Thematic Mutual Funds,6,0,100,5000,1.17,4267.0,10.0,-7.0,24.7,15.6,102431,497.4731,2026-04-10,5751.7606000000005,Open Ended,Equity Scheme - Sectoral/ Thematic,Nippon India Pharma Fund-Growth Plan-Growth Option,2004-05-10,exact_name_amc,master,high,False,Master dataset via exact_name_amc.
Nippon India Power & Infra Fund,Nippon India Mutual Fund,Equity,Sectoral / Thematic Mutual Funds,6,3,100,5000,1.58,1871.0,10.0,20.4,37.2,10.1,101262,351.7303,2026-04-10,5136.2587,Open Ended,Equity Scheme - Sectoral/ Thematic,Nippon India Power & Infra Fund-Growth Plan -Growth Option,2004-03-29,exact_name_amc,master,high,False,Master dataset via exact_name_amc.
Nippon India Quant Fund,Nippon India Mutual Fund,Equity,Sectoral / Thematic Mutual Funds,6,0,100,5000,0.54,34.0,10.0,5.0,26.9,11.9,108249,71.6712,2026-04-10,59.1507,Open Ended,Equity Scheme - Sectoral/ Thematic,Nippon India Quant Fund -Growth Plan - Growth Option,2008-04-18,exact_name_amc,master,high,False,Master dataset via exact_name_amc.
Nippon India Retirement Fund,Nippon India Mutual Fund,Solution Oriented,Retirement Funds,4,2,500,500,0.85,172.0,8.0,4.0,8.4,7.4,,55.7026,,,,,,,unmatched,imputed_global,synthetic,True,Synthetic peer-based NAV using 504 comparable schemes.
Nippon India Retirement Fund,Nippon India Mutual Fund,Solution Oriented,Retirement Funds,6,1,500,500,1.03,2233.0,8.0,1.3,25.3,6.7,,59.4385,,,,,,,unmatched,imputed_global,synthetic,True,Synthetic peer-based NAV using 504 comparable schemes.
Nippon India Short Term Fund,Nippon India Mutual Fund,Debt,Short Duration Funds,3,4,100,100,0.34,5147.0,10.0,4.3,6.7,7.2,,54.7303,2025-01-06,,,,,,unmatched,archive_name,medium,False,Archive NAV matched using normalized scheme name.
Nippon India Small Cap Fund,Nippon India Mutual Fund,Equity,Small Cap Mutual Funds,6,4,100,5000,0.86,23910.0,10.0,8.7,47.6,16.8,113177,160.7548,2026-04-10,45272.2292,Open Ended,Equity Scheme - Small Cap Fund,Nippon India Small Cap Fund - Growth Plan - Growth Option,2010-08-26,exact_name_amc,master,high,False,Master dataset via exact_name_amc.
Nippon India Strategic Debt Fund,Nippon India Mutual Fund,Debt,Medium Duration Funds,6,2,100,5000,1.4,151.0,9.0,2.7,8.3,-0.9,,16.0143,2025-01-06,,,,,,unmatched,archive_name,medium,False,Archive NAV matched using normalized scheme name.
Nippon India Tax Saver (ELSS) Fund,Nippon India Mutual Fund,Equity,ELSS Mutual Funds,6,1,500,500,1.18,11210.0,10.0,1.8,27.3,6.5,,122.0102,2025-01-06,,,,,,unmatched,archive_name,medium,False,Archive NAV matched using normalized scheme name.
Nippon India US Equity Opportunities Fund,Nippon India Mutual Fund,Equity,Sectoral / Thematic Mutual Funds,6,0,100,100,1.22,534.0,8.0,1.7,32.4,13.3,134922,36.4759,2026-04-10,401.8334,Open Ended,Equity Scheme - Sectoral/ Thematic,Nippon India US Equity Opportunities Fund- Growth Plan- Growth Option,2015-07-03,exact_name_amc,master,high,False,Master dataset via exact_name_amc.
Nippon India USD Fund,Nippon India Mutual Fund,Debt,Ultra Short Duration Funds,3,5,100,100,0.38,5114.0,10.0,5.9,7.0,5.9,,1399.853,,,,,,,unmatched,imputed_subcategory,synthetic,True,Synthetic peer-based NAV using 15 comparable schemes.
Nippon India Value Fund,Nippon India Mutual Fund,Equity,Value Funds,6,3,100,500,1.21,4641.0,10.0,0.0,30.3,12.2,103085,217.6802,2026-04-10,7757.0669,Open Ended,Equity Scheme - Value Fund,Nippon India Value Fund- Growth Plan,2005-05-10,exact_name_amc,master,high,False,Master dataset via exact_name_amc.
Nippon India Vision Fund,Nippon India Mutual Fund,Equity,Large & Mid Cap Funds,6,1,100,5000,1.55,3024.0,10.0,2.1,27.4,9.3,,1522.7226,2025-01-06,,,,,,unmatched,archive_name,medium,False,Archive NAV matched using normalized scheme name.
Parag Parikh Flexi Cap Fund,PPFAS Mutual Fund,Equity,Flexi Cap Funds,6,5,1000,1000,0.75,29953.0,10.0,2.3,33.6,17.6,122639,90.4425,2026-04-10,88403.898,Open Ended,Equity Scheme - Flexi Cap Fund,Parag Parikh Flexi Cap Fund - Direct Plan - Growth,2013-05-13,scheme_name_only,master,medium,False,Master dataset via scheme_name_only.
Parag Parikh Liquid Fund,PPFAS Mutual Fund,Debt,Liquid Mutual Funds,2,1,1000,5000,0.17,1456.0,5.0,5.3,4.0,,143269,1529.7137,2026-04-12,3844.7227000000003,Open Ended,Debt Scheme - Liquid Fund,Parag Parikh Liquid Fund- Direct Plan- Growth,2018-05-09,scheme_name_only,master,medium,False,Master dataset via scheme_name_only.
Parag Parikh Tax Saver Fund,PPFAS Mutual Fund,Equity,ELSS Mutual Funds,6,5,1000,500,0.8,1147.0,4.0,8.0,33.0,,,91.3785,,,,,,,unmatched,imputed_subcategory,synthetic,True,Synthetic peer-based NAV using 5 comparable schemes.
PGIM India Arbitrage Fund,PGIM India Mutual Fund,Hybrid,Arbitrage Mutual Funds,1,2,1000,5000,0.33,168.0,9.0,5.3,4.5,5.2,138876,19.1386,2026-04-10,57.781499999999994,Open Ended,Hybrid Scheme - Arbitrage Fund,PGIM India Arbitrage Fund - Regular Plan - Growth,2014-08-13,exact_name_amc,master,high,False,Master dataset via exact_name_amc.
PGIM India Banking&PSU Debt Fund,PGIM India Mutual Fund,Debt,Banking and PSU Mutual Funds,2,3,1000,5000,0.25,53.0,10.0,4.1,6.4,7.1,,26.0423,,,,,,,unmatched,imputed_subcategory,synthetic,True,Synthetic peer-based NAV using 12 comparable schemes.
PGIM India Corporate Bond Fund,PGIM India Mutual Fund,Debt,Corporate Bond Mutual Funds,2,4,1000,5000,0.29,49.0,10.0,4.3,6.8,6.9,138336,24.9334,2016-08-01,,Open Ended,Debt Scheme - Corporate Bond Fund,PGIM India Premier Bond Fund - Annual Bonus,2003-01-14,exact_name_amc,master,high,False,Master dataset via exact_name_amc.
PGIM India Dynamic Bond Fund,PGIM India Mutual Fund,Debt,Dynamic Bond,2,3,1000,5000,0.36,135.0,10.0,4.6,5.7,7.4,122260,1631.8015,2017-06-21,,Open Ended,Debt Scheme - Dynamic Bond,PGIM India Dynamic Bond Fund-Bonus Option,2012-01-03,exact_name_amc,master,high,False,Master dataset via exact_name_amc.
PGIM India Elss Tax Saver Fund,PGIM India Mutual Fund,Equity,ELSS Mutual Funds,6,4,500,500,1.0,451.0,7.0,2.9,31.8,13.7,135598,32.18,2026-04-10,562.8241,Open Ended,Equity Scheme - ELSS,PGIM India ELSS Tax Saver Fund - Regular Plan - Growth Option,2015-10-19,exact_name_amc,master,high,False,Master dataset via exact_name_amc.
PGIM India Equity Savings Fund,PGIM India Mutual Fund,Hybrid,Equity Savings Mutual Funds,2,3,1000,5000,0.42,143.0,10.0,4.3,12.6,8.0,138372,49.933,2026-04-10,53.6874,Open Ended,Hybrid Scheme - Equity Savings,PGIM India Equity Savings Fund - Growth Option,2004-01-15,exact_name_amc,master,high,False,Master dataset via exact_name_amc.
PGIM India Flexi Cap Fund,PGIM India Mutual Fund,Equity,Flexi Cap Funds,6,5,1000,100,0.4,5199.0,8.0,-2.3,34.0,15.7,133836,34.7,2026-04-10,4066.3790999999997,Open Ended,Equity Scheme - Flexi Cap Fund,PGIM India Flexi Cap Fund - Regular Plan - Growth Option,2015-02-11,exact_name_amc,master,high,False,Master dataset via exact_name_amc.
PGIM India GEO Fund,PGIM India Mutual Fund,Other,FoFs Overseas,6,0,1000,5000,1.44,1336.0,10.0,-7.9,18.9,14.1,,42.8504,,,,,,,unmatched,imputed_category_risk,synthetic,True,Synthetic peer-based NAV using 25 comparable schemes.
PGIM India Gilt Fund,PGIM India Mutual Fund,Debt,Gilt Mutual Funds,3,3,1000,5000,0.39,135.0,10.0,4.2,5.3,7.0,138471,13.8662,2016-08-01,,Open Ended,Debt Scheme - Gilt Fund,PGIM India Gilt Fund - Bonus,2008-10-07,exact_name_amc,master,high,False,Master dataset via exact_name_amc.
PGIM India Hybrid Equity Fund,PGIM India Mutual Fund,Hybrid,Aggressive Hybrid Mutual Funds,6,2,1000,5000,0.68,217.0,10.0,4.0,20.6,9.0,,336.8472,,,,,,,unmatched,imputed_subcategory_style,synthetic,True,Synthetic peer-based NAV using 6 comparable schemes.
PGIM India Large Cap Fund,PGIM India Mutual Fund,Equity,Large Cap Mutual Funds,6,2,1000,5000,0.98,427.0,10.0,4.7,24.1,10.9,138314,24.02,2019-07-28,,Open Ended,Equity Scheme - Large Cap Fund,PGIM India Large Cap Fund - Direct Plan - Bonus,2003-01-14,exact_name_amc,master,high,False,Master dataset via exact_name_amc.
PGIM India Liquid Fund,PGIM India Mutual Fund,Debt,Liquid Mutual Funds,2,3,1000,100,0.17,809.0,10.0,5.6,4.4,5.4,138286,186.8975,2022-01-21,,Open Ended,Debt Scheme - Liquid Fund,PGIM India Liquid Fund - Bonus Option,2003-01-14,exact_name_amc,master,high,False,Master dataset via exact_name_amc.
PGIM India Low Duration Fund,PGIM India Mutual Fund,Debt,Low Duration Funds,2,1,1000,5000,0.35,97.0,10.0,5.5,4.3,2.0,,748.3894,,,,,,,unmatched,imputed_subcategory,synthetic,True,Synthetic peer-based NAV using 13 comparable schemes.
PGIM India Midcap Opportunities Fund,PGIM India Mutual Fund,Equity,Mid Cap Mutual Funds,6,5,1000,5000,0.46,7707.0,9.0,2.0,42.9,19.0,,72.88,2025-01-06,,,,,,unmatched,archive_name,medium,False,Archive NAV matched using normalized scheme name.
PGIM India Money Market Fund,PGIM India Mutual Fund,Debt,Money Market Funds,2,4,1000,5000,0.15,235.0,3.0,5.7,5.1,,148161,1435.1809,2026-04-10,114.3985,Open Ended,Debt Scheme - Money Market Fund,PGIM India Money Market Fund - Direct Plan - Growth Option,2020-02-28,exact_name_amc,master,high,False,Master dataset via exact_name_amc.
PGIM India Overnight Fund,PGIM India Mutual Fund,Debt,Overnight Mutual Funds,1,4,1000,100,0.12,75.0,4.0,5.4,3.9,,147606,1390.9959,2026-04-12,52.0676,Open Ended,Debt Scheme - Overnight Fund,PGIM India Overnight Fund - Direct Plan - Growth Option,2019-08-12,exact_name_amc,master,high,False,Master dataset via exact_name_amc.
PGIM India Short Duration Fund,PGIM India Mutual Fund,Debt,Short Duration Funds,2,3,1000,5000,0.5,29.0,10.0,4.5,6.3,4.6,,30.1222,,,,,,,unmatched,imputed_subcategory_style,synthetic,True,Synthetic peer-based NAV using 5 comparable schemes.
PGIM India Ultra Short Duration Fund,PGIM India Mutual Fund,Debt,Ultra Short Duration Funds,2,3,1000,25000,0.25,405.0,10.0,5.5,5.2,7.3,138368,20.9045,2018-02-26,,Open Ended,Debt Scheme - Ultra Short Duration Fund,PGIM India Ultra Short Term Fund - Annual Bonus,2006-09-01,exact_name_amc,master,high,False,Master dataset via exact_name_amc.
Quant Absolute Fund,Quant Mutual Fund,Hybrid,Aggressive Hybrid Mutual Funds,6,5,1000,5000,0.56,1013.0,10.0,7.3,38.2,19.1,,426.9404,2025-01-06,,,,,,unmatched,archive_name,medium,False,Archive NAV matched using normalized scheme name.
Quant Active Fund,Quant Mutual Fund,Equity,Multi Cap Funds,6,0,1000,5000,0.58,3531.0,10.0,1.0,45.5,19.9,,684.3959,2025-01-06,,,,,,unmatched,archive_name,medium,False,Archive NAV matched using normalized scheme name.
Quant Flexi Cap Fund,Quant Mutual Fund,Equity,Flexi Cap Funds,6,5,1000,5000,0.58,1044.0,10.0,6.8,47.7,18.2,120843,108.9901,2026-04-10,3144.8367,Open Ended,Equity Scheme - Flexi Cap Fund,quant Flexi Cap Fund - Growth Option-Direct Plan,2008-08-25,exact_name_amc,master,high,False,Master dataset via exact_name_amc.
Quant Focused Fund,Quant Mutual Fund,Equity,Focused Funds,6,5,1000,5000,0.57,219.0,10.0,5.2,33.7,13.1,109275,81.2288,2026-04-10,454.1785,Open Ended,Equity Scheme - Focused Fund,quant Focused Fund - Growth Option - Regular Plan,2008-07-03,exact_name_amc,master,high,False,Master dataset via exact_name_amc.
Quant Infrastructure Fund,Quant Mutual Fund,Equity,Sectoral / Thematic Mutual Funds,6,5,1000,5000,0.64,822.0,10.0,5.6,61.5,21.1,120833,40.2071,2026-04-10,2115.5929,Open Ended,Equity Scheme - Sectoral/ Thematic,quant Infrastructure Fund - Growth Option-Direct Plan,2007-07-26,exact_name_amc,master,high,False,Master dataset via exact_name_amc.
Quant Large and Mid Cap Fund,Quant Mutual Fund,Equity,Large & Mid Cap Funds,6,5,1000,5000,0.56,652.0,10.0,6.9,33.0,14.2,104515,102.6509,2026-03-20,0.0091,Open Ended,Equity Scheme - Large & Mid Cap Fund,quant Large & Mid Cap Fund - Bonus Option - Regular Plan,2006-11-20,exact_name_amc,master,high,False,Master dataset via exact_name_amc.
Quant Liquid Plan – Direct Growth,Quant Mutual Fund,Debt,Liquid Mutual Funds,2,5,1000,5000,0.29,1561.0,10.0,5.6,4.9,5.9,120837,44.3782,2026-04-12,814.4336999999999,Open Ended,Debt Scheme - Liquid Fund,quant Liquid Fund - Growth Option - Direct Plan,2005-09-27,exact_name_amc,master,high,False,Master dataset via exact_name_amc.
Quant Mid Cap Fund,Quant Mutual Fund,Equity,Mid Cap Mutual Funds,6,5,1000,5000,0.63,1550.0,10.0,8.8,45.1,19.8,120841,228.6993,2026-04-10,4492.2101,Open Ended,Equity Scheme - Mid Cap Fund,quant Mid Cap Fund - Growth Option - Direct Plan,2001-02-12,exact_name_amc,master,high,False,Master dataset via exact_name_amc.
Quant Multi Asset Fund,Quant Mutual Fund,Hybrid,Multi Asset Allocation Mutual Funds,6,5,1000,5000,0.56,634.0,10.0,10.6,42.6,20.5,,143.7607,2025-01-06,,,,,,unmatched,archive_name,medium,False,Archive NAV matched using normalized scheme name.
Quant Small Cap Fund,Quant Mutual Fund,Equity,Small Cap Mutual Funds,6,5,1000,5000,0.64,3301.0,10.0,5.4,71.4,23.2,120828,264.301,2026-04-10,20161.9055,Open Ended,Equity Scheme - Small Cap Fund,quant Small Cap Fund - Growth Option - Direct Plan,1996-09-23,exact_name_amc,master,high,False,Master dataset via exact_name_amc.
Quant Tax Plan- Direct Growth,Quant Mutual Fund,Equity,ELSS Mutual Funds,6,5,500,500,0.57,2779.0,10.0,0.9,54.9,22.2,,121.1,,,,,,,unmatched,imputed_subcategory,synthetic,True,Synthetic peer-based NAV using 5 comparable schemes.
Quantum Dynamic Bond Fund,Quantum Mutual Fund,Debt,Dynamic Bond,3,3,500,500,0.61,85.0,8.0,5.4,5.9,6.9,134494,22.2419,2026-04-10,98.57879999999999,Open Ended,Debt Scheme - Dynamic Bond,Quantum Dynamic Bond Fund - Direct Plan Growth Option,2015-04-29,exact_name_amc,master,high,False,Master dataset via exact_name_amc.
Quantum Equity Fund,Quantum Mutual Fund,Other,FoFs Domestic,6,2,500,500,0.51,88.0,14.0,-0.5,22.9,9.1,,49.9488,,,,,,,unmatched,imputed_subcategory,synthetic,True,Synthetic peer-based NAV using 9 comparable schemes.
Quantum Gold Savings Fund,Quantum Mutual Fund,Other,FoFs Domestic,5,1,500,500,0.06,83.0,12.0,14.3,11.7,13.0,115132,57.1641,2026-04-10,394.3735,Open Ended,Other Scheme - FoF Domestic,Quantum Gold Savings Fund - Direct Plan Growth Option,2011-04-28,exact_name_amc,master,high,False,Master dataset via exact_name_amc.
Quantum Liquid Fund,Quantum Mutual Fund,Debt,Liquid Mutual Funds,1,2,500,5000,0.15,628.0,17.0,5.4,4.0,4.9,152300,11.118,2026-04-12,0.031,Open Ended,Debt Scheme - Liquid Fund,Quantum Liquid Fund - Unclaimed Redemption Plan Below 3 years,2006-04-03,exact_name_amc,master,high,False,Master dataset via exact_name_amc.
Quantum Long Term Equity Value Fund,Quantum Mutual Fund,Equity,Value Funds,6,2,500,500,1.29,837.0,17.0,2.4,26.5,8.8,,127.29,2025-01-06,,,,,,unmatched,archive_name,medium,False,Archive NAV matched using normalized scheme name.
Quantum Multi Asset Fund,Quantum Mutual Fund,Other,FoFs Domestic,4,3,500,500,0.1,49.0,11.0,5.5,12.4,8.1,,45.7623,,,,,,,unmatched,imputed_subcategory,synthetic,True,Synthetic peer-based NAV using 9 comparable schemes.
Quantum Tax Saving Fund,Quantum Mutual Fund,Equity,ELSS Mutual Funds,6,3,500,500,1.29,115.0,14.0,2.9,26.6,8.9,,111.0908,,,,,,,unmatched,imputed_subcategory,synthetic,True,Synthetic peer-based NAV using 5 comparable schemes.
SBI Arbitrage Opportunities Fund,SBI Mutual Fund,Hybrid,Arbitrage Mutual Funds,1,2,500,5000,0.36,8800.0,10.0,5.8,4.5,5.4,119574,37.771,2026-04-10,24392.9229,Open Ended,Hybrid Scheme - Arbitrage Fund,SBI Arbitrage Opportunities Fund - Direct Plan - Gr,2006-09-15,exact_name_amc,master,high,False,Master dataset via exact_name_amc.
SBI Banking & Financial Services Fund,SBI Mutual Fund,Equity,Sectoral / Thematic Mutual Funds,6,5,500,5000,0.78,3747.0,8.0,5.5,22.4,12.5,133858,43.376,2026-04-10,5250.029200000001,Open Ended,Equity Scheme - Sectoral/ Thematic,SBI BANKING & FINANCIAL SERVICES FUND - REGULAR PLAN - GROWTH,2015-02-11,exact_name_amc,master,high,False,Master dataset via exact_name_amc.
SBI Banking and PSU Fund,SBI Mutual Fund,Debt,Banking and PSU Mutual Funds,3,2,500,5000,0.35,4982.0,10.0,3.8,6.2,7.0,125503,3438.5964,2026-04-10,2791.0559999999996,Open Ended,Debt Scheme - Banking and PSU Fund,SBI BANKING & PSU FUND - Direct Plan - Growth,2009-09-30,exact_name_amc,master,high,False,Master dataset via exact_name_amc.
SBI BlueChip Fund,SBI Mutual Fund,Equity,Large Cap Mutual Funds,6,3,500,5000,0.9,33987.0,10.0,4.2,27.0,11.4,,526.2464,,,,,,,unmatched,imputed_subcategory_style,synthetic,True,Synthetic peer-based NAV using 6 comparable schemes.
SBI Conservative Hybrid Fund,SBI Mutual Fund,Hybrid,Conservative Hybrid Mutual Funds,5,4,500,5000,0.57,7250.0,10.0,6.2,13.8,8.8,100968,74.2789,2026-04-10,8356.1425,Open Ended,Hybrid Scheme - Conservative Hybrid Fund,SBI Conservative Hybrid Fund - Regular Plan - Growth,2001-02-22,exact_name_amc,master,high,False,Master dataset via exact_name_amc.
SBI Consumption Opportunities Fund,SBI Mutual Fund,Equity,Sectoral / Thematic Mutual Funds,6,4,500,5000,1.18,1185.0,10.0,11.1,31.0,12.7,120576,282.0883,2026-04-10,2053.501,Open Ended,Equity Scheme - Sectoral/ Thematic,SBI CONSUMPTION OPPORTUNITIES FUND - REGULAR - GROWTH,1993-01-01,exact_name_amc,master,high,False,Master dataset via exact_name_amc.
SBI Contra Fund,SBI Mutual Fund,Equity,Contra Funds,6,5,500,5000,0.91,8340.0,10.0,15.0,43.4,15.6,102414,369.3913,2026-04-10,32693.4155,Open Ended,Equity Scheme - Contra Fund,SBI CONTRA FUND - REGULAR PLAN -GROWTH,2005-05-06,exact_name_amc,master,high,False,Master dataset via exact_name_amc.
SBI Corporate Bond Fund,SBI Mutual Fund,Debt,Corporate Bond Mutual Funds,2,3,500,5000,0.34,16551.0,4.0,4.1,6.4,,146215,16.592,2026-04-10,15022.514,Open Ended,Debt Scheme - Corporate Bond Fund,SBI Corporate Bond Fund - Direct Plan - Growth,2019-01-16,exact_name_amc,master,high,False,Master dataset via exact_name_amc.
SBI Credit Risk Fund,SBI Mutual Fund,Debt,Credit Risk Funds,5,3,500,10000,0.92,2782.0,10.0,5.2,7.2,7.0,102505,47.9464,2026-04-10,1838.5492000000002,Open Ended,Debt Scheme - Credit Risk Fund,SBI CREDIT RISK FUND - REGULAR PLAN - GROWTH,2004-07-05,exact_name_amc,master,high,False,Master dataset via exact_name_amc.
SBI Dynamic Bond Fund,SBI Mutual Fund,Debt,Dynamic Bond,3,4,500,5000,0.87,2407.0,10.0,5.9,5.9,7.9,102205,36.664,2026-04-10,2723.8489,Open Ended,Debt Scheme - Dynamic Bond,SBI Dynamic Bond Fund - REGULAR PLAN - Growth,2003-12-15,exact_name_amc,master,high,False,Master dataset via exact_name_amc.
SBI Equity Hybrid Fund,SBI Mutual Fund,Hybrid,Aggressive Hybrid Mutual Funds,6,3,500,1000,0.79,54492.0,10.0,-1.9,18.4,10.8,102885,301.0769,2026-04-10,72494.8446,Open Ended,Hybrid Scheme - Aggressive Hybrid Fund,SBI EQUITY HYBRID FUND - REGULAR PLAN -Growth,2005-01-01,exact_name_amc,master,high,False,Master dataset via exact_name_amc.
SBI Equity Minimum Variance – Direct Growth,SBI Mutual Fund,Equity,Sectoral / Thematic Mutual Funds,6,0,500,5000,0.42,134.0,4.0,4.9,27.0,,146643,23.4495,2026-04-10,75.1238,Open Ended,Equity Scheme - Sectoral/ Thematic,SBI Equity Minimum Variance Fund - Direct Plan - Growth,2019-03-02,exact_name_amc,master,high,False,Master dataset via exact_name_amc.
SBI Equity Savings Fund,SBI Mutual Fund,Hybrid,Equity Savings Mutual Funds,4,3,500,1000,0.67,2264.0,8.0,2.2,14.6,8.1,134644,24.343,2026-04-10,4630.952,Open Ended,Hybrid Scheme - Equity Savings,SBI Equity Savings Fund - Regular Plan - Growth,2015-05-11,exact_name_amc,master,high,False,Master dataset via exact_name_amc.
SBI Flexi Cap Fund,SBI Mutual Fund,Equity,Flexi Cap Funds,6,3,500,1000,0.85,15602.0,10.0,-1.0,25.2,11.0,,91.9572,,,,,,,unmatched,imputed_subcategory,synthetic,True,Synthetic peer-based NAV using 20 comparable schemes.
SBI Floating Rate Debt Fund,SBI Mutual Fund,Debt,Floater Mutual Funds,2,3,500,5000,0.26,1604.0,2.0,5.0,,,148543,13.865,2026-04-10,420.51279999999997,Open Ended,Debt Scheme - Floater Fund,SBI Floating Rate Debt Fund - Regular Plan - Growth,2020-10-06,exact_name_amc,master,high,False,Master dataset via exact_name_amc.
SBI FMP – Series 1 (3668 Days) – Direct Growth,SBI Mutual Fund,Debt,Fixed Maturity Plans,3,0,0,5000,0.0,40.0,4.0,4.8,6.2,,,40.5512,,,,,,,unmatched,imputed_category_risk,synthetic,True,Synthetic peer-based NAV using 75 comparable schemes.
SBI Focused Equity Fund,SBI Mutual Fund,Equity,Focused Funds,6,3,500,5000,0.69,26561.0,10.0,-4.9,22.0,12.2,119725,33.6258,,,Open Ended,Equity Scheme - Focused Fund,SBI MSFU EMERGING BUSINESSES FUND - DIRECT PLAN -DIVIDEND -Deleted,2004-08-23,exact_name_amc,imputed_subcategory,synthetic,True,Synthetic peer-based NAV using 12 comparable schemes.
SBI Gold Fund,SBI Mutual Fund,Other,FoFs Domestic,6,3,500,5000,0.1,1265.0,10.0,14.8,11.9,13.4,119788,45.619,2026-04-10,7700.937800000001,Open Ended,Other Scheme - FoF Domestic,SBI GOLD FUND- DIRECT PLAN - GROWTH,2011-08-22,exact_name_amc,master,high,False,Master dataset via exact_name_amc.
SBI Healthcare Opportunities Fund,SBI Mutual Fund,Equity,Sectoral / Thematic Mutual Funds,6,0,500,5000,1.09,1574.0,10.0,-1.6,25.7,13.6,102823,423.3343,2026-04-10,2549.377,Open Ended,Equity Scheme - Sectoral/ Thematic,SBI HEALTHCARE OPPORTUNITIES FUND - REGULAR PLAN -GROWTH,1993-01-01,exact_name_amc,master,high,False,Master dataset via exact_name_amc.
SBI Infrastructure Fund,SBI Mutual Fund,Equity,Sectoral / Thematic Mutual Funds,6,4,500,5000,1.88,927.0,10.0,12.8,33.5,13.0,106096,47.4185,2026-04-10,3489.8911,Open Ended,Equity Scheme - Sectoral/ Thematic,SBI INFRASTRUCTURE FUND -  REGULAR PLAN - GROWTH,2007-05-11,exact_name_amc,master,high,False,Master dataset via exact_name_amc.
SBI Large & Midcap Fund,SBI Mutual Fund,Equity,Large & Mid Cap Funds,6,5,500,5000,0.99,9441.0,10.0,6.5,30.2,13.6,103024,622.9253,2026-04-10,28203.478,Open Ended,Equity Scheme - Large & Mid Cap Fund,SBI LARGE & MIDCAP FUND- REGULAR PLAN -Growth,1993-01-01,exact_name_amc,master,high,False,Master dataset via exact_name_amc.
SBI Liquid Fund,SBI Mutual Fund,Debt,Liquid Mutual Funds,2,3,500,500,0.18,57052.0,10.0,5.6,4.3,5.3,119800,4323.1711,2026-04-11,56876.630300000004,Open Ended,Debt Scheme - Liquid Fund,SBI Liquid Fund - DIRECT PLAN -Growth,2007-03-22,exact_name_amc,master,high,False,Master dataset via exact_name_amc.
SBI Long Term Advantage Fund,SBI Mutual Fund,Equity,ELSS Mutual Funds,4,0,0,500,1.75,164.0,6.0,0.1,43.3,19.5,,105.0175,,,,,,,unmatched,imputed_subcategory,synthetic,True,Synthetic peer-based NAV using 5 comparable schemes.
SBI Long Term Advantage Fund,SBI Mutual Fund,Equity,ELSS Mutual Funds,4,0,0,500,1.76,57.0,7.0,1.1,36.2,15.4,,103.8316,,,,,,,unmatched,imputed_subcategory,synthetic,True,Synthetic peer-based NAV using 5 comparable schemes.
SBI Long Term Advantage Fund,SBI Mutual Fund,Equity,ELSS Mutual Funds,4,0,0,500,1.76,30.0,8.0,0.5,35.5,14.5,,105.7877,,,,,,,unmatched,imputed_subcategory,synthetic,True,Synthetic peer-based NAV using 5 comparable schemes.
SBI Long Term Advantage Fund,SBI Mutual Fund,Equity,ELSS Mutual Funds,4,0,0,500,1.76,36.0,8.0,1.0,36.4,14.0,,105.9991,,,,,,,unmatched,imputed_subcategory,synthetic,True,Synthetic peer-based NAV using 5 comparable schemes.
SBI Long Term Advantage Fund,SBI Mutual Fund,Equity,ELSS Mutual Funds,4,0,0,500,1.76,222.0,5.0,4.5,28.2,,,93.3378,,,,,,,unmatched,imputed_subcategory,synthetic,True,Synthetic peer-based NAV using 5 comparable schemes.
SBI Long Term Advantage Fund,SBI Mutual Fund,Equity,ELSS Mutual Funds,4,0,0,500,1.76,278.0,5.0,-2.7,25.1,,,92.1846,,,,,,,unmatched,imputed_subcategory,synthetic,True,Synthetic peer-based NAV using 5 comparable schemes.
SBI Long Term Equity Fund,SBI Mutual Fund,Equity,ELSS Mutual Funds,6,3,500,500,1.07,12158.0,10.0,8.7,30.1,11.6,,455.5735,2025-01-06,,,,,,unmatched,archive_name,medium,False,Archive NAV matched using normalized scheme name.
SBI Magnum Children’s Benefit Fund,SBI Mutual Fund,Solution Oriented,Childrens Funds,4,4,500,5000,0.86,89.0,10.0,3.1,15.2,8.3,,59.764,,,,,,,unmatched,imputed_global,synthetic,True,Synthetic peer-based NAV using 504 comparable schemes.
SBI Magnum Comma Fund,SBI Mutual Fund,Equity,Sectoral / Thematic Mutual Funds,6,0,500,5000,2.03,417.0,10.0,-12.1,30.9,11.3,,104.2972,2025-01-06,,,,,,unmatched,archive_name,medium,False,Archive NAV matched using normalized scheme name.
SBI Magnum Equity ESG Fund,SBI Mutual Fund,Equity,Sectoral / Thematic Mutual Funds,6,0,500,1000,1.35,4456.0,10.0,-2.7,24.2,12.2,,70.6528,,,,,,,unmatched,imputed_subcategory,synthetic,True,Synthetic peer-based NAV using 57 comparable schemes.
SBI Magnum Gilt Fund,SBI Mutual Fund,Debt,Gilt Mutual Funds,3,5,500,5000,0.46,4301.0,10.0,5.7,6.1,8.3,,67.1217,2025-01-06,,,,,,unmatched,archive_name,medium,False,Archive NAV matched using normalized scheme name.
SBI Magnum Global Fund,SBI Mutual Fund,Equity,Sectoral / Thematic Mutual Funds,6,0,500,5000,1.25,5257.0,10.0,1.6,24.1,11.5,,70.4759,,,,,,,unmatched,imputed_subcategory,synthetic,True,Synthetic peer-based NAV using 57 comparable schemes.
SBI Magnum Income Fund,SBI Mutual Fund,Debt,Medium to Long Duration Funds,4,4,500,5000,0.8,1510.0,10.0,4.8,6.9,7.8,,44.2481,2025-01-06,,,,,,unmatched,archive_name,medium,False,Archive NAV matched using normalized scheme name.
SBI Magnum Low Duration Fund,SBI Mutual Fund,Debt,Low Duration Funds,3,3,500,5000,0.4,7717.0,10.0,5.2,5.6,6.4,,3492.0421,2025-01-06,,,,,,unmatched,archive_name,medium,False,Archive NAV matched using normalized scheme name.
SBI Magnum Medium Duration Fund,SBI Mutual Fund,Debt,Medium Duration Funds,4,4,500,5000,0.69,7087.0,10.0,4.6,7.2,7.9,,52.8722,2025-01-06,,,,,,unmatched,archive_name,medium,False,Archive NAV matched using normalized scheme name.
SBI Magnum Midcap Fund,SBI Mutual Fund,Equity,Mid Cap Mutual Funds,6,4,500,5000,0.97,8732.0,10.0,6.4,37.0,13.5,,260.6781,2025-01-06,,,,,,unmatched,archive_name,medium,False,Archive NAV matched using normalized scheme name.
SBI Magnum Ultra Short Duration Fund,SBI Mutual Fund,Debt,Ultra Short Duration Funds,2,2,2000,5000,0.31,8907.0,10.0,5.2,5.1,6.1,,5860.2025,2025-01-06,,,,,,unmatched,archive_name,medium,False,Archive NAV matched using normalized scheme name.
SBI Multi Asset Allocation Fund,SBI Mutual Fund,Hybrid,Multi Asset Allocation Mutual Funds,6,3,500,5000,0.88,609.0,10.0,5.9,16.1,9.6,103408,65.2433,2026-04-10,12640.9924,Open Ended,Hybrid Scheme - Multi Asset Allocation,SBI MULTI ASSET ALLOCATION FUND - REGULAR PLAN - GROWTH,2005-11-09,exact_name_amc,master,high,False,Master dataset via exact_name_amc.
SBI Nifty Index Fund,SBI Mutual Fund,Other,Index Funds,6,3,500,5000,0.18,3324.0,10.0,0.9,26.0,11.8,119827,223.4463,2026-04-10,9607.2894,Open Ended,Other Scheme - Index Funds,SBI NIFTY INDEX FUND - DIRECT PLAN - GROWTH,2001-12-18,exact_name_amc,master,high,False,Master dataset via exact_name_amc.
SBI Overnight Fund,SBI Mutual Fund,Debt,Overnight Mutual Funds,1,2,2000,5000,0.1,19888.0,10.0,5.3,3.9,4.6,119833,4386.2187,2026-04-11,27216.1396,Open Ended,Debt Scheme - Overnight Fund,SBI OVERNIGHT FUND - DIRECT PLAN - GROWTH,2005-07-25,exact_name_amc,master,high,False,Master dataset via exact_name_amc.
SBI PSU Fund,SBI Mutual Fund,Equity,Sectoral / Thematic Mutual Funds,6,0,500,5000,1.42,505.0,10.0,16.0,26.3,7.4,119732,39.0408,2026-04-10,3578.2253,Open Ended,Equity Scheme - Sectoral/ Thematic,SBI PSU Fund - DIRECT PLAN - GROWTH,2010-05-17,exact_name_amc,master,high,False,Master dataset via exact_name_amc.
SBI Savings Fund,SBI Mutual Fund,Debt,Money Market Funds,3,3,500,500,0.23,19441.0,10.0,5.5,5.3,6.2,119821,46.7129,2026-04-10,27212.0131,Open Ended,Debt Scheme - Money Market Fund,SBI  SAVINGS FUND - DIRECT PLAN - GROWTH,2004-07-05,exact_name_amc,master,high,False,Master dataset via exact_name_amc.
SBI Short Term Debt Fund,SBI Mutual Fund,Debt,Short Duration Funds,2,3,500,5000,0.35,13289.0,10.0,4.6,6.4,6.8,119816,35.564,2026-04-10,13592.2751,Open Ended,Debt Scheme - Short Duration Fund,SBI SHORT TERM DEBT FUND - DIRECT PLAN -GROWTH,2007-07-19,exact_name_amc,master,high,False,Master dataset via exact_name_amc.
SBI Small Cap Fund,SBI Mutual Fund,Equity,Small Cap Mutual Funds,6,4,500,5000,0.7,15395.0,10.0,8.2,38.3,15.3,125494,160.4355,2026-04-10,22555.6034,Open Ended,Equity Scheme - Small Cap Fund,SBI Small Cap Fund - Regular Plan - Growth,2009-07-27,exact_name_amc,master,high,False,Master dataset via exact_name_amc.
SBI Tax Advantage Fund,SBI Mutual Fund,Equity,ELSS Mutual Funds,4,0,0,500,1.76,28.0,9.0,1.9,41.1,21.8,,112.7871,,,,,,,unmatched,imputed_subcategory,synthetic,True,Synthetic peer-based NAV using 5 comparable schemes.
SBI Technology Opportunities Fund,SBI Mutual Fund,Equity,Sectoral / Thematic Mutual Funds,6,0,500,5000,0.87,2861.0,10.0,-8.7,37.1,21.0,120577,187.6349,2026-04-10,2698.2459999999996,Open Ended,Equity Scheme - Sectoral/ Thematic,SBI TECHNOLOGY OPPORTUNITIES FUND - REGULAR PLAN - GROWTH,1993-01-01,exact_name_amc,master,high,False,Master dataset via exact_name_amc.
Shriram Balanced Advantage Fund,Shriram Mutual Fund,Hybrid,Dynamic Asset Allocation or Balanced Advantage,6,3,1000,5000,0.6,48.0,4.0,2.9,13.9,,147405,16.3803,2026-04-10,49.5709,Open Ended,Hybrid Scheme - Dynamic Asset Allocation or Balanced Advantage,Shriram Balanced Advantage Fund - Regular Growth,2019-06-14,exact_name_amc,master,high,False,Master dataset via exact_name_amc.
Shriram Flexi Cap Fund,Shriram Mutual Fund,Equity,Flexi Cap Funds,6,2,1000,5000,0.65,60.0,4.0,1.4,21.5,,144902,19.2185,2026-04-10,112.2968,Open Ended,Equity Scheme - Flexi Cap Fund,Shriram Flexi Cap Fund - Regular Growth,2018-09-07,exact_name_amc,master,high,False,Master dataset via exact_name_amc.
Shriram Hybrid Equity Fund,Shriram Mutual Fund,Hybrid,Aggressive Hybrid Mutual Funds,6,3,1000,5000,0.65,56.0,9.0,0.7,17.7,8.9,,326.5406,,,,,,,unmatched,imputed_subcategory_style,synthetic,True,Synthetic peer-based NAV using 6 comparable schemes.
Shriram Long Term Equity Fund,Shriram Mutual Fund,Equity,ELSS Mutual Funds,6,3,500,500,0.6,36.0,4.0,0.8,20.1,,,86.7684,,,,,,,unmatched,imputed_subcategory,synthetic,True,Synthetic peer-based NAV using 5 comparable schemes.
Sundaram Aggressive Hybrid Fund,Sundaram Mutual Fund,Hybrid,Aggressive Hybrid Mutual Funds,5,4,100,100,0.67,2981.0,10.0,1.2,21.7,9.7,,339.0631,,,,,,,unmatched,imputed_subcategory_style,synthetic,True,Synthetic peer-based NAV using 6 comparable schemes.
Sundaram Arbitrage Fund,Sundaram Mutual Fund,Hybrid,Arbitrage Mutual Funds,2,1,500,100,0.28,108.0,7.0,5.3,3.3,2.8,,33.5343,,,,,,,unmatched,imputed_subcategory_style,synthetic,True,Synthetic peer-based NAV using 5 comparable schemes.
Sundaram Balanced Advantage Fund,Sundaram Mutual Fund,Hybrid,Dynamic Asset Allocation or Balanced Advantage,4,5,500,100,0.62,1532.0,10.0,3.9,11.9,7.2,,25.6801,,,,,,,unmatched,imputed_subcategory,synthetic,True,Synthetic peer-based NAV using 15 comparable schemes.
Sundaram Banking & PSU Debt Fund,Sundaram Mutual Fund,Debt,Banking and PSU Mutual Funds,2,2,250,5000,0.19,450.0,10.0,3.5,5.0,6.1,,25.8187,,,,,,,unmatched,imputed_subcategory,synthetic,True,Synthetic peer-based NAV using 12 comparable schemes.
Sundaram Consumption Fund,Sundaram Mutual Fund,Equity,Sectoral / Thematic Mutual Funds,6,2,100,100,1.46,1106.0,10.0,7.3,22.5,8.8,,69.4499,,,,,,,unmatched,imputed_subcategory,synthetic,True,Synthetic peer-based NAV using 57 comparable schemes.
Sundaram Corporate Bond Fund,Sundaram Mutual Fund,Debt,Corporate Bond Mutual Funds,2,4,250,5000,0.28,996.0,10.0,4.5,6.8,7.3,119621,43.0915,2026-04-10,425.43449999999996,Open Ended,Debt Scheme - Corporate Bond Fund,Sundaram Corporate Bond Fund Direct Plan - Growth,2004-12-20,exact_name_amc,master,high,False,Master dataset via exact_name_amc.
Sundaram Debt Oriented Hybrid Fund,Sundaram Mutual Fund,Hybrid,Conservative Hybrid Mutual Funds,3,2,100,5000,1.2,30.0,10.0,4.1,11.6,6.2,,61.5861,,,,,,,unmatched,imputed_subcategory,synthetic,True,Synthetic peer-based NAV using 11 comparable schemes.
Sundaram Diversified Equity – Direct Growth,Sundaram Mutual Fund,Equity,ELSS Mutual Funds,6,2,100,500,1.66,1623.0,10.0,2.2,26.1,8.9,,104.3526,,,,,,,unmatched,imputed_subcategory,synthetic,True,Synthetic peer-based NAV using 5 comparable schemes.
Sundaram Dividend Yield Fund,Sundaram Mutual Fund,Equity,Dividend Yield Funds,6,0,500,5000,1.02,382.0,10.0,3.2,26.4,11.7,,102.5643,,,,,,,unmatched,imputed_category_risk,synthetic,True,Synthetic peer-based NAV using 183 comparable schemes.
Sundaram Emerging Small Cap Series III – Dir Growth,Sundaram Mutual Fund,Equity,Small Cap Mutual Funds,2,0,0,5000,0.75,297.0,5.0,9.4,43.7,,,70.4935,,,,,,,unmatched,imputed_subcategory_style,synthetic,True,Synthetic peer-based NAV using 14 comparable schemes.
Sundaram Emerging Small Cap Series IV – Dir Growth,Sundaram Mutual Fund,Equity,Small Cap Mutual Funds,4,0,0,5000,0.75,208.0,5.0,6.7,41.4,,,69.846,,,,,,,unmatched,imputed_subcategory_style,synthetic,True,Synthetic peer-based NAV using 14 comparable schemes.
Sundaram Emerging Small Cap Series V – Dir Growth,Sundaram Mutual Fund,Equity,Small Cap Mutual Funds,6,0,0,5000,0.79,79.0,5.0,7.6,42.3,,,70.0994,,,,,,,unmatched,imputed_subcategory_style,synthetic,True,Synthetic peer-based NAV using 14 comparable schemes.
Sundaram Emerging Small Cap Series VI – Dir Growth,Sundaram Mutual Fund,Equity,Small Cap Mutual Funds,6,0,0,5000,0.77,41.0,5.0,7.8,41.9,,,69.9868,,,,,,,unmatched,imputed_subcategory_style,synthetic,True,Synthetic peer-based NAV using 14 comparable schemes.
Sundaram Emerging Small Cap Series VII – Dir Growth,Sundaram Mutual Fund,Equity,Small Cap Mutual Funds,6,0,0,5000,0.97,141.0,4.0,8.0,36.9,,,65.8792,,,,,,,unmatched,imputed_subcategory_style,synthetic,True,Synthetic peer-based NAV using 14 comparable schemes.
Sundaram Equity Savings Fund,Sundaram Mutual Fund,Hybrid,Equity Savings Mutual Funds,3,4,500,100,0.54,415.0,10.0,3.9,16.8,9.9,,23.4326,,,,,,,unmatched,imputed_subcategory,synthetic,True,Synthetic peer-based NAV using 16 comparable schemes.
Sundaram Fin Serv Opportunities – Direct Growth,Sundaram Mutual Fund,Equity,Sectoral / Thematic Mutual Funds,6,4,100,100,0.51,601.0,10.0,11.4,25.9,12.6,,45.2767,,,,,,,unmatched,imputed_subcategory_style,synthetic,True,Synthetic peer-based NAV using 7 comparable schemes.
Sundaram Focused Fund,Sundaram Mutual Fund,Equity,Focused Funds,6,4,100,300,1.2,771.0,10.0,-1.8,24.5,13.1,,57.4677,,,,,,,unmatched,imputed_subcategory_style,synthetic,True,Synthetic peer-based NAV using 5 comparable schemes.
Sundaram Global Brand Fund,Sundaram Mutual Fund,Other,FoFs Overseas,6,0,100,100,1.42,117.0,10.0,2.4,20.5,7.7,,42.3099,,,,,,,unmatched,imputed_category_risk,synthetic,True,Synthetic peer-based NAV using 25 comparable schemes.
Sundaram Infrastructure Advantage Fund,Sundaram Mutual Fund,Equity,Sectoral / Thematic Mutual Funds,6,2,100,100,1.87,594.0,10.0,7.3,32.5,9.1,,97.7784,2025-01-06,,,,,,unmatched,archive_name,medium,False,Archive NAV matched using normalized scheme name.
Sundaram Large and Mid Cap Fund,Sundaram Mutual Fund,Equity,Large & Mid Cap Funds,6,3,100,100,0.72,4885.0,10.0,-1.3,25.4,11.7,,662.3753,,,,,,,unmatched,imputed_subcategory_style,synthetic,True,Synthetic peer-based NAV using 5 comparable schemes.
Sundaram Large Cap Fund,Sundaram Mutual Fund,Equity,Large Cap Mutual Funds,6,5,100,100,0.6,2855.0,2.0,0.9,,,,405.7778,,,,,,,unmatched,imputed_subcategory_style,synthetic,True,Synthetic peer-based NAV using 6 comparable schemes.
Sundaram Liquid Fund,Sundaram Mutual Fund,Debt,Liquid Mutual Funds,2,4,2000,1000,0.17,4169.0,10.0,5.7,4.2,3.3,,1194.9319,,,,,,,unmatched,imputed_subcategory_style,synthetic,True,Synthetic peer-based NAV using 15 comparable schemes.
Sundaram Low Duration Fund,Sundaram Mutual Fund,Debt,Low Duration Funds,2,2,2000,1000,0.33,433.0,10.0,5.6,4.9,1.8,,749.741,,,,,,,unmatched,imputed_subcategory,synthetic,True,Synthetic peer-based NAV using 13 comparable schemes.
Sundaram LT MC Tax Advantage Fund,Sundaram Mutual Fund,Equity,ELSS Mutual Funds,6,0,0,500,1.22,27.0,6.0,1.4,42.8,9.5,,101.7582,,,,,,,unmatched,imputed_subcategory,synthetic,True,Synthetic peer-based NAV using 5 comparable schemes.
Sundaram LT MC Tax Advantage Fund,Sundaram Mutual Fund,Equity,ELSS Mutual Funds,6,0,0,500,1.23,31.0,5.0,3.8,44.8,9.8,,99.3042,,,,,,,unmatched,imputed_subcategory,synthetic,True,Synthetic peer-based NAV using 5 comparable schemes.
Sundaram LT MC Tax Advantage Fund,Sundaram Mutual Fund,Equity,ELSS Mutual Funds,6,0,0,500,1.26,62.0,6.0,3.5,42.3,8.6,,101.2915,,,,,,,unmatched,imputed_subcategory,synthetic,True,Synthetic peer-based NAV using 5 comparable schemes.
Sundaram LT Tax Advantage Fund,Sundaram Mutual Fund,Equity,ELSS Mutual Funds,6,0,0,500,1.3,18.0,5.0,5.4,46.9,,,100.2944,,,,,,,unmatched,imputed_subcategory,synthetic,True,Synthetic peer-based NAV using 5 comparable schemes.
Sundaram LT Tax Advantage Fund,Sundaram Mutual Fund,Equity,ELSS Mutual Funds,6,0,0,500,1.2,10.0,7.0,4.0,29.2,12.5,,100.1581,,,,,,,unmatched,imputed_subcategory,synthetic,True,Synthetic peer-based NAV using 5 comparable schemes.
Sundaram LT Tax Advantage Fund,Sundaram Mutual Fund,Equity,ELSS Mutual Funds,6,0,0,500,1.01,16.0,8.0,4.4,29.6,11.5,,102.4511,,,,,,,unmatched,imputed_subcategory,synthetic,True,Synthetic peer-based NAV using 5 comparable schemes.
Sundaram Medium Term Bond Fund,Sundaram Mutual Fund,Debt,Medium Duration Funds,3,2,250,5000,1.11,45.0,10.0,2.5,5.0,5.3,,36.4578,,,,,,,unmatched,imputed_subcategory,synthetic,True,Synthetic peer-based NAV using 10 comparable schemes.
Sundaram Mid Cap Fund,Sundaram Mutual Fund,Equity,Mid Cap Mutual Funds,6,2,100,100,1.04,7048.0,10.0,4.3,27.4,8.2,101539,1385.0413,2026-04-10,10922.1298,Open Ended,Equity Scheme - Mid Cap Fund,Sundaram Mid Cap Fund Regular Plan - Growth,2002-06-24,exact_name_amc,master,high,False,Master dataset via exact_name_amc.
Sundaram Money Market Fund,Sundaram Mutual Fund,Debt,Money Market Funds,1,3,1000,1000,0.22,64.0,5.0,5.4,4.7,,145050,15.8554,2026-04-10,1768.5719,Open Ended,Debt Scheme - Money Market Fund,Sundaram Money Market Fund Direct Plan - Growth,2018-09-12,exact_name_amc,master,high,False,Master dataset via exact_name_amc.
Sundaram Multi Cap Fund,Sundaram Mutual Fund,Equity,Multi Cap Funds,6,3,100,100,0.97,1795.0,10.0,-2.2,28.1,11.0,,267.5324,,,,,,,unmatched,imputed_subcategory,synthetic,True,Synthetic peer-based NAV using 5 comparable schemes.
Sundaram Multi Cap Fund,Sundaram Mutual Fund,Equity,Multi Cap Funds,6,0,0,5000,0.79,84.0,5.0,1.5,25.0,,,234.7189,,,,,,,unmatched,imputed_subcategory,synthetic,True,Synthetic peer-based NAV using 5 comparable schemes.
Sundaram Multi Cap Fund,Sundaram Mutual Fund,Equity,Multi Cap Funds,6,0,0,5000,0.79,143.0,5.0,1.6,25.0,,,234.7189,,,,,,,unmatched,imputed_subcategory,synthetic,True,Synthetic peer-based NAV using 5 comparable schemes.
Sundaram Nifty 100 Equal Weight Fund,Sundaram Mutual Fund,Other,Index Funds,6,2,500,100,0.46,52.0,10.0,-3.1,26.2,8.2,,42.9873,,,,,,,unmatched,imputed_subcategory_style,synthetic,True,Synthetic peer-based NAV using 6 comparable schemes.
Sundaram Overnight Fund,Sundaram Mutual Fund,Debt,Overnight Mutual Funds,2,2,1000,5000,0.07,1006.0,4.0,5.4,3.9,,146963,1432.8978,2026-04-12,924.4374,Open Ended,Debt Scheme - Overnight Fund,Sundaram Overnight Fund Direct Plan - Growth,2019-03-15,exact_name_amc,master,high,False,Master dataset via exact_name_amc.
Sundaram Services Fund,Sundaram Mutual Fund,Equity,Sectoral / Thematic Mutual Funds,6,0,750,100,0.93,2272.0,5.0,3.2,31.3,,144838,33.141,2026-04-10,4151.5737,Open Ended,Equity Scheme - Sectoral/ Thematic,Sundaram Services Fund Regular Plan - Growth,2018-08-29,exact_name_amc,master,high,False,Master dataset via exact_name_amc.
Sundaram Short Duration Fund,Sundaram Mutual Fund,Debt,Short Duration Funds,2,5,2000,5000,0.28,200.0,10.0,4.8,6.4,4.8,,30.1524,,,,,,,unmatched,imputed_subcategory_style,synthetic,True,Synthetic peer-based NAV using 5 comparable schemes.
Sundaram Small Cap Fund,Sundaram Mutual Fund,Equity,Small Cap Mutual Funds,6,2,250,100,1.01,1962.0,10.0,1.6,44.9,9.3,100795,253.1287,2026-04-10,2828.9719,Open Ended,Equity Scheme - Small Cap Fund,Sundaram Small Cap Fund Regular Plan - Growth,2005-01-03,exact_name_amc,master,high,False,Master dataset via exact_name_amc.
Sundaram Tax Savings Fund,Sundaram Mutual Fund,Equity,ELSS Mutual Funds,6,3,500,500,1.76,930.0,10.0,1.2,27.7,9.9,,105.3402,,,,,,,unmatched,imputed_subcategory,synthetic,True,Synthetic peer-based NAV using 5 comparable schemes.
Sundaram Ultra Short Duration Fund,Sundaram Mutual Fund,Debt,Ultra Short Duration Funds,3,3,2000,1000,0.17,1412.0,10.0,5.7,4.7,4.5,,1381.2458,,,,,,,unmatched,imputed_subcategory,synthetic,True,Synthetic peer-based NAV using 15 comparable schemes.
Tata Arbitrage Fund,Tata Mutual Fund,Hybrid,Arbitrage Mutual Funds,1,5,150,5000,0.28,5925.0,4.0,5.7,5.0,,145724,15.9051,2026-04-10,15472.186000000002,Open Ended,Hybrid Scheme - Arbitrage Fund,Tata Arbitrage Fund-Direct Plan-Growth,2018-12-10,exact_name_amc,master,high,False,Master dataset via exact_name_amc.
Tata Balanced Advantage Fund,Tata Mutual Fund,Hybrid,Dynamic Asset Allocation or Balanced Advantage,4,4,150,5000,0.28,6396.0,4.0,5.8,18.7,,146007,20.3709,2026-04-10,7464.3115,Open Ended,Hybrid Scheme - Dynamic Asset Allocation or Balanced Advantage,Tata Balanced Advantage Fund-Regular Plan-Growth,2019-01-09,exact_name_amc,master,high,False,Master dataset via exact_name_amc.
Tata Banking & Financial Services Fund,Tata Mutual Fund,Equity,Sectoral / Thematic Mutual Funds,6,4,150,5000,0.59,1272.0,7.0,11.9,23.2,12.6,135794,42.8028,2026-04-10,2205.6967999999997,Open Ended,Equity Scheme - Sectoral/ Thematic,Tata Banking And Financial Services Fund-Regular Plan-Growth,2015-12-04,exact_name_amc,master,high,False,Master dataset via exact_name_amc.
Tata Banking & PSU Debt Fund,Tata Mutual Fund,Debt,Banking and PSU Mutual Funds,2,3,150,5000,0.23,262.0,3.0,4.0,6.9,,,21.0165,,,,,,,unmatched,imputed_subcategory,synthetic,True,Synthetic peer-based NAV using 12 comparable schemes.
Tata Digital India Fund,Tata Mutual Fund,Equity,Sectoral / Thematic Mutual Funds,6,0,150,5000,0.31,6765.0,7.0,-16.0,39.0,22.1,135800,46.8972,2026-04-10,5755.7337,Open Ended,Equity Scheme - Sectoral/ Thematic,Tata Digital India Fund-Direct Plan-Growth,2015-12-04,exact_name_amc,master,high,False,Master dataset via exact_name_amc.
Tata Equity P/E Fund,Tata Mutual Fund,Equity,Value Funds,6,2,150,5000,0.91,5119.0,10.0,6.6,27.8,10.0,,386.0376,2025-01-06,,,,,,unmatched,archive_name,medium,False,Archive NAV matched using normalized scheme name.
Tata Equity Saving Fund,Tata Mutual Fund,Hybrid,Equity Savings Mutual Funds,4,3,150,5000,0.12,142.0,10.0,3.4,12.0,7.5,,22.8228,,,,,,,unmatched,imputed_subcategory,synthetic,True,Synthetic peer-based NAV using 16 comparable schemes.
Tata Ethical Fund,Tata Mutual Fund,Equity,Sectoral / Thematic Mutual Funds,6,0,150,5000,0.94,1501.0,10.0,-1.6,27.9,13.1,100415,355.206,2026-04-10,2194.5488,Open Ended,Equity Scheme - Sectoral/ Thematic,Tata Ethical Fund-Regular Plan - Growth Option,2013-01-01,exact_name_amc,master,high,False,Master dataset via exact_name_amc.
Tata Flexi Cap Fund,Tata Mutual Fund,Equity,Flexi Cap Funds,6,2,150,5000,0.77,2096.0,5.0,-2.5,21.3,,144548,23.2276,2026-04-10,3233.6038,Open Ended,Equity Scheme - Flexi Cap Fund,Tata Flexi Cap Fund -Regular Plan-Growth,2018-08-17,exact_name_amc,master,high,False,Master dataset via exact_name_amc.
Tata Floating Rate Fund,Tata Mutual Fund,Debt,Floater Mutual Funds,2,4,150,5000,0.3,225.0,2.0,5.6,,,149003,13.3214,2026-04-10,89.99,Open Ended,Debt Scheme - Floater Fund,Tata Floating Rate Fund-Regular Plan-Growth,2021-06-21,exact_name_amc,master,high,False,Master dataset via exact_name_amc.
Tata Focused Equity Fund,Tata Mutual Fund,Equity,Focused Funds,6,3,150,5000,0.46,1212.0,3.0,0.4,28.4,,,25.6267,2025-01-06,,,,,,unmatched,archive_name,medium,False,Archive NAV matched using normalized scheme name.
Tata Gilt Securities Fund,Tata Mutual Fund,Debt,Gilt Mutual Funds,2,2,150,5000,0.9,256.0,10.0,5.2,4.8,6.9,119953,87.7644,2026-04-10,646.8627,Open Ended,Debt Scheme - Gilt Fund,Tata Gilt Securities Fund- Direct Plan - Growth Option,2013-01-01,exact_name_amc,master,high,False,Master dataset via exact_name_amc.
Tata Hybrid Equity Fund,Tata Mutual Fund,Hybrid,Aggressive Hybrid Mutual Funds,6,3,150,5000,1.05,3166.0,10.0,6.2,22.8,10.5,,475.0255,2025-01-06,,,,,,unmatched,archive_name,medium,False,Archive NAV matched using normalized scheme name.
Tata India Consumer Fund,Tata Mutual Fund,Equity,Sectoral / Thematic Mutual Funds,6,2,150,5000,0.91,1346.0,7.0,2.8,23.0,10.6,135804,41.7457,2026-04-10,1920.981,Open Ended,Equity Scheme - Sectoral/ Thematic,Tata India Consumer Fund-Regular Plan-Growth,2015-12-04,exact_name_amc,master,high,False,Master dataset via exact_name_amc.
Tata India Pharma & Healthcare Fund,Tata Mutual Fund,Equity,Sectoral / Thematic Mutual Funds,6,0,150,5000,1.01,485.0,7.0,-8.1,21.7,14.8,135812,28.9131,2026-04-10,845.5260000000001,Open Ended,Equity Scheme - Sectoral/ Thematic,Tata India Pharma & Healthcare Fund-Regular Plan-Growth,2015-12-04,exact_name_amc,master,high,False,Master dataset via exact_name_amc.
Tata India Tax Savings Fund,Tata Mutual Fund,Equity,ELSS Mutual Funds,6,0,500,500,0.76,3078.0,8.0,2.2,26.5,12.0,,101.3436,,,,,,,unmatched,imputed_subcategory,synthetic,True,Synthetic peer-based NAV using 5 comparable schemes.
Tata Infrastructure Fund,Tata Mutual Fund,Equity,Sectoral / Thematic Mutual Funds,6,3,150,5000,1.42,950.0,10.0,14.0,35.0,13.1,101766,166.7837,2026-04-10,1347.9417,Open Ended,Equity Scheme - Sectoral/ Thematic,Tata Infrastructure Fund-Regular Plan- Growth Option,2013-01-01,exact_name_amc,master,high,False,Master dataset via exact_name_amc.
Tata Large & Mid Cap Fund,Tata Mutual Fund,Equity,Large & Mid Cap Funds,6,4,150,5000,0.89,3680.0,10.0,8.8,33.5,14.0,101824,470.3638,2026-04-10,6574.1431999999995,Open Ended,Equity Scheme - Large & Mid Cap Fund,Tata Large & Mid Cap Fund- Regular Plan - Growth Option,2013-01-01,exact_name_amc,master,high,False,Master dataset via exact_name_amc.
Tata Large Cap Fund,Tata Mutual Fund,Equity,Large Cap Mutual Funds,6,2,150,5000,1.24,1365.0,10.0,1.8,25.7,11.3,100475,490.8368,2026-04-10,2077.4773999999998,Open Ended,Equity Scheme - Large Cap Fund,Tata Large Cap Fund -Regular Plan - Growth Option,2013-01-01,exact_name_amc,master,high,False,Master dataset via exact_name_amc.
Tata Liquid Fund,Tata Mutual Fund,Debt,Liquid Mutual Funds,2,3,150,5000,0.21,18212.0,10.0,5.6,4.4,5.3,119861,4366.7295,2026-04-12,24592.8121,Open Ended,Debt Scheme - Liquid Fund,Tata Liquid Fund- Direct Plan-Growth Option,2013-01-01,exact_name_amc,master,high,False,Master dataset via exact_name_amc.
Tata Mid Cap Growth Fund,Tata Mutual Fund,Equity,Mid Cap Mutual Funds,6,3,150,5000,0.98,1759.0,10.0,1.3,29.2,13.5,102328,432.1574,2026-04-10,4500.8925,Open Ended,Equity Scheme - Mid Cap Fund,Tata Mid Cap Fund Regular Plan- Growth Option,1994-06-15,exact_name_amc,master,high,False,Master dataset via exact_name_amc.
Tata Money Market Fund,Tata Mutual Fund,Debt,Money Market Funds,3,5,150,5000,0.17,8814.0,10.0,5.7,5.6,4.8,119424,5061.043,2026-04-10,31574.1448,Open Ended,Debt Scheme - Money Market Fund,Tata Money Market Fund- Direct Plan- Growth Option,2013-01-01,exact_name_amc,master,high,False,Master dataset via exact_name_amc.
Tata Nifty 50 Index Fund,Tata Mutual Fund,Other,Index Funds,6,3,150,5000,0.16,369.0,10.0,1.0,25.6,12.0,119288,162.5264,2026-04-10,1196.4335,Open Ended,Other Scheme - Index Funds,Tata Nifty 50 Index Fund -Direct Plan,2003-02-20,exact_name_amc,master,high,False,Master dataset via exact_name_amc.
Tata Overnight Fund,Tata Mutual Fund,Debt,Overnight Mutual Funds,1,3,1000,5000,0.09,3236.0,4.0,5.4,3.9,,146980,1424.2208,2026-04-12,4752.0351,Open Ended,Debt Scheme - Overnight Fund,Tata Overnight Fund-Direct Plan-Growth,2019-03-25,exact_name_amc,master,high,False,Master dataset via exact_name_amc.
Tata Resources & Energy Fund,Tata Mutual Fund,Equity,Sectoral / Thematic Mutual Funds,6,0,150,5000,0.91,232.0,7.0,-3.4,34.7,15.5,135815,46.5926,2026-04-10,811.4861999999999,Open Ended,Equity Scheme - Sectoral/ Thematic,Tata Resources & Energy Fund-Regular Plan-Growth,2015-12-04,exact_name_amc,master,high,False,Master dataset via exact_name_amc.
Tata Retirement Savings Fund,Tata Mutual Fund,Solution Oriented,Retirement Funds,6,3,150,5000,0.68,1557.0,10.0,0.5,19.3,9.4,,60.9422,,,,,,,unmatched,imputed_global,synthetic,True,Synthetic peer-based NAV using 504 comparable schemes.
Tata Retirement Savings Fund,Tata Mutual Fund,Solution Oriented,Retirement Funds,6,2,150,5000,0.67,1259.0,10.0,-0.7,33.7,11.3,,64.7532,,,,,,,unmatched,imputed_global,synthetic,True,Synthetic peer-based NAV using 504 comparable schemes.
Tata Retirement Savings Fund,Tata Mutual Fund,Solution Oriented,Retirement Funds,4,2,150,5000,0.97,166.0,10.0,2.1,9.5,7.1,,58.1946,,,,,,,unmatched,imputed_global,synthetic,True,Synthetic peer-based NAV using 504 comparable schemes.
Tata S&P BSE Sensex Index Fund,Tata Mutual Fund,Other,Index Funds,6,4,150,5000,0.27,174.0,10.0,2.4,25.1,12.8,,206.0759,2025-01-06,,,,,,unmatched,archive_name,medium,False,Archive NAV matched using normalized scheme name.
Tata Short Term Bond Fund,Tata Mutual Fund,Debt,Short Duration Funds,2,3,150,10000,0.37,2271.0,10.0,4.7,6.6,5.8,119949,55.101,2026-04-10,2630.4021999999995,Open Ended,Debt Scheme - Short Duration Fund,Tata Short Term Bond Fund - Direct Plan - Growth Option,2013-01-01,exact_name_amc,master,high,False,Master dataset via exact_name_amc.
Tata Small Cap Fund,Tata Mutual Fund,Equity,Small Cap Mutual Funds,6,4,150,5000,0.26,3300.0,4.0,17.1,44.1,,145208,33.5837,2026-04-10,6962.444200000001,Open Ended,Equity Scheme - Small Cap Fund,Tata Small Cap Fund-Regular Plan-Growth,2018-10-19,exact_name_amc,master,high,False,Master dataset via exact_name_amc.
Tata Treasury Advantage Fund,Tata Mutual Fund,Debt,Low Duration Funds,2,3,150,5000,0.3,2602.0,10.0,5.0,5.6,5.2,119863,4238.4273,2026-04-10,2740.3804999999998,Open Ended,Debt Scheme - Low Duration Fund,Tata Treasury Advantage Fund - Direct Plan - Growth Option,2013-01-01,exact_name_amc,master,high,False,Master dataset via exact_name_amc.
Tata Ultra Short Term Fund,Tata Mutual Fund,Debt,Ultra Short Duration Funds,2,4,150,5000,0.25,1629.0,4.0,5.5,5.1,,146075,15.6802,2026-04-10,2943.9702,Open Ended,Debt Scheme - Ultra Short Duration Fund,Tata Ultra Short Term Fund-Direct Plan-Growth,2019-01-11,exact_name_amc,master,high,False,Master dataset via exact_name_amc.
Tata Young Citizens Fund,Tata Mutual Fund,Solution Oriented,Childrens Funds,6,0,500,500,1.8,257.0,10.0,1.5,27.3,10.3,,66.7099,2025-01-06,,,,,,unmatched,archive_name,medium,False,Archive NAV matched using normalized scheme name.
Taurus Banking & Financial Services-Direct Growth,Taurus Mutual Fund,Equity,Sectoral / Thematic Mutual Funds,6,4,1000,5000,1.66,8.91,10.0,9.0,21.9,11.9,118868,59.46,2026-04-10,2.8212,Open Ended,Equity Scheme - Sectoral/ Thematic,Taurus Banking & Financial Services Fund - Direct Plan - Growth,2012-05-02,exact_name_amc,master,high,False,Master dataset via exact_name_amc.
Taurus Discovery (Midcap) Fund,Taurus Mutual Fund,Equity,Mid Cap Mutual Funds,6,3,1000,5000,2.19,74.0,10.0,3.6,26.4,10.9,,200.7315,,,,,,,unmatched,imputed_subcategory,synthetic,True,Synthetic peer-based NAV using 19 comparable schemes.
Taurus Ethical Fund,Taurus Mutual Fund,Equity,Sectoral / Thematic Mutual Funds,6,0,1000,5000,1.18,84.0,10.0,-3.5,22.3,11.4,111903,121.39,2026-04-10,0.0113,Open Ended,Equity Scheme - Sectoral/ Thematic,Taurus Ethical Fund -  Regular Plan - Bonus Option,2009-02-19,exact_name_amc,master,high,False,Master dataset via exact_name_amc.
Taurus Flexi Cap Fund,Taurus Mutual Fund,Equity,Flexi Cap Funds,6,1,1000,5000,2.59,233.0,10.0,-4.1,20.2,5.4,111640,104.01,2026-04-10,6.1441,Open Ended,Equity Scheme - Flexi Cap Fund,Taurus Flexi Cap Fund - Regular Plan - Payout of Income Distribution cum Capital Withdrawal option,1994-01-29,exact_name_amc,master,high,False,Master dataset via exact_name_amc.
Taurus Infrastructure Fund,Taurus Mutual Fund,Equity,Sectoral / Thematic Mutual Funds,6,3,1000,5000,2.02,5.12,10.0,-0.7,25.3,8.9,105417,62.85,2026-04-10,5.3132,Open Ended,Equity Scheme - Sectoral/ Thematic,Taurus Infrastructure Fund - Regular Plan - Growth,2007-02-05,exact_name_amc,master,high,False,Master dataset via exact_name_amc.
Taurus Largecap Equity Fund,Taurus Mutual Fund,Equity,Large Cap Mutual Funds,6,1,1000,5000,0.44,30.0,10.0,-2.5,19.5,7.6,,504.7995,,,,,,,unmatched,imputed_subcategory_style,synthetic,True,Synthetic peer-based NAV using 6 comparable schemes.
Taurus Nifty 50 Index Fund,Taurus Mutual Fund,Other,Index Funds,6,0,1000,5000,0.44,2.38,10.0,1.2,25.8,12.3,118881,48.6446,2026-04-10,4.039,Open Ended,Other Scheme - Index Funds,Taurus Nifty 50 Index Fund - Direct Plan - Growth,2010-06-04,exact_name_amc,master,high,False,Master dataset via exact_name_amc.
Taurus Tax Shield – Direct Growth,Taurus Mutual Fund,Equity,ELSS Mutual Funds,6,3,500,500,1.73,59.0,10.0,6.8,24.4,10.6,,104.1706,,,,,,,unmatched,imputed_subcategory,synthetic,True,Synthetic peer-based NAV using 5 comparable schemes.
Templeton India Equity Income Fund,Franklin Templeton Mutual Fund,Equity,Dividend Yield Funds,6,0,500,5000,1.3,1350.0,10.0,8.3,37.7,14.5,,108.1453,,,,,,,unmatched,imputed_category_risk,synthetic,True,Synthetic peer-based NAV using 183 comparable schemes.
Templeton India Value Fund,Franklin Templeton Mutual Fund,Equity,Value Funds,6,3,500,5000,0.91,845.0,10.0,13.1,39.4,12.3,100496,695.4685,2026-04-10,1666.994,Open Ended,Equity Scheme - Value Fund,Templeton India Value Fund - Growth Plan,1996-09-10,exact_name_amc,master,high,False,Master dataset via exact_name_amc.
TRUSTMF Banking & PSU Debt Fund,Trust Mutual Fund,Debt,Banking and PSU Mutual Funds,3,2,1000,1000,0.21,345.0,2.0,3.0,,,,20.3313,,,,,,,unmatched,imputed_subcategory,synthetic,True,Synthetic peer-based NAV using 12 comparable schemes.
TRUSTMF Liquid Fund,Trust Mutual Fund,Debt,Liquid Mutual Funds,2,2,1000,1000,0.1,205.0,2.0,5.6,,,148834,1202.9889,2026-04-12,0.0302,Open Ended,Debt Scheme - Liquid Fund,TRUSTMF Liquid Fund-Regular Plan-Daily Income Distribution cum Capital Withdrawal,2021-04-08,exact_name_amc,master,high,False,Master dataset via exact_name_amc.
TRUSTMF Short Term Fund,Trust Mutual Fund,Debt,Short Duration Funds,2,2,1000,1000,0.23,94.0,2.0,4.2,,,,23.6253,,,,,,,unmatched,imputed_subcategory_style,synthetic,True,Synthetic peer-based NAV using 5 comparable schemes.
Union Arbitrage Fund,Union Mutual Fund,Hybrid,Arbitrage Mutual Funds,1,3,500,1000,0.44,72.0,4.0,5.0,4.4,,146294,14.6509,2026-04-10,153.8637,Open Ended,Hybrid Scheme - Arbitrage Fund,Union Arbitrage Fund - Regular Plan - Growth Option,2019-01-30,exact_name_amc,master,high,False,Master dataset via exact_name_amc.
Union Balanced Advantage Fund,Union Mutual Fund,Hybrid,Dynamic Asset Allocation or Balanced Advantage,3,3,500,1000,0.94,1679.0,5.0,3.6,18.3,10.2,142035,19.95,2026-04-10,1197.1394,Open Ended,Hybrid Scheme - Dynamic Asset Allocation or Balanced Advantage,Union Balanced Advantage Fund - Regular Plan - Growth Option,2017-12-07,exact_name_amc,master,high,False,Master dataset via exact_name_amc.
Union Corporate Bond Fund,Union Mutual Fund,Debt,Corporate Bond Mutual Funds,2,2,1000,1000,0.45,390.0,5.0,3.1,6.2,,143239,15.78,2026-04-10,340.85720000000003,Open Ended,Debt Scheme - Corporate Bond Fund,Union Corporate Bond Fund - Regular Plan - Growth Option,2018-05-04,exact_name_amc,master,high,False,Master dataset via exact_name_amc.
Union Dynamic Bond Fund,Union Mutual Fund,Debt,Dynamic Bond,3,1,1000,1000,1.29,92.0,10.0,2.6,4.7,6.0,116555,23.0819,2026-04-10,71.0458,Open Ended,Debt Scheme - Dynamic Bond,Union Dynamic Bond Fund - Growth Option,2012-01-23,exact_name_amc,master,high,False,Master dataset via exact_name_amc.
Union Equity Savings Fund,Union Mutual Fund,Hybrid,Equity Savings Mutual Funds,3,2,500,1000,1.47,133.0,5.0,2.0,10.8,,144310,16.93,2026-04-10,100.42450000000001,Open Ended,Hybrid Scheme - Equity Savings,Union Equity Savings Fund - Regular Plan - Growth Option,2018-07-19,exact_name_amc,master,high,False,Master dataset via exact_name_amc.
Union Flexi Cap Fund,Union Mutual Fund,Equity,Flexi Cap Funds,6,4,500,1000,1.06,1337.0,10.0,0.6,27.7,12.9,115270,49.06,2026-04-10,2197.0833,Open Ended,Equity Scheme - Flexi Cap Fund,Union Flexi Cap Fund - Growth Option,2011-05-20,exact_name_amc,master,high,False,Master dataset via exact_name_amc.
Union Focused Fund,Union Mutual Fund,Equity,Focused Funds,6,4,500,1000,1.57,317.0,4.0,-0.1,26.2,,147490,25.08,2026-04-10,397.8089,Open Ended,Equity Scheme - Focused Fund,Union Focused Fund - Regular Plan - Growth Option,2019-07-15,exact_name_amc,master,high,False,Master dataset via exact_name_amc.
Union Large & Midcap Fund,Union Mutual Fund,Equity,Large & Mid Cap Funds,6,3,500,1000,1.2,396.0,3.0,0.7,27.6,,147748,25.06,2026-04-10,816.7361999999999,Open Ended,Equity Scheme - Large & Mid Cap Fund,Union Large & Midcap Fund - Regular Plan - Growth Option,2019-11-15,exact_name_amc,master,high,False,Master dataset via exact_name_amc.
Union Largecap Fund,Union Mutual Fund,Equity,Large Cap Mutual Funds,6,2,1000,1000,1.8,230.0,6.0,0.1,24.3,9.9,141247,22.68,2026-04-10,403.64529999999996,Open Ended,Equity Scheme - Large Cap Fund,Union Largecap Fund - Regular Plan - Growth Option,2017-04-20,exact_name_amc,master,high,False,Master dataset via exact_name_amc.
Union Liquid Fund,Union Mutual Fund,Debt,Liquid Mutual Funds,2,4,2000,5000,0.07,1688.0,10.0,5.7,4.4,4.6,142342,1167.329,2021-11-30,,Open Ended,Debt Scheme - Liquid Fund,Union Liquid Fund - Unclaimed Amounts Plan - Redemption Upto 3 years,2011-06-14,exact_name_amc,master,high,False,Master dataset via exact_name_amc.
Union Long Term Equity Fund,Union Mutual Fund,Equity,ELSS Mutual Funds,6,4,500,500,1.62,573.0,10.0,2.3,28.5,12.8,,106.5978,,,,,,,unmatched,imputed_subcategory,synthetic,True,Synthetic peer-based NAV using 5 comparable schemes.
Union Medium Duration Fund,Union Mutual Fund,Debt,Medium Duration Funds,3,2,500,1000,0.64,170.0,3.0,2.3,,,148477,12.3464,2025-01-06,,Open Ended,Debt Scheme - Medium Duration Fund,Union Medium Duration Fund - Regular Plan -  Growth Option,2020-08-24,exact_name_amc,archive_code,medium,False,Archive NAV matched using scheme code.
Union Money Market Fund,Union Mutual Fund,Debt,Money Market Funds,2,3,2000,5000,0.24,144.0,2.0,5.4,,,149117,1331.0958,2026-04-10,198.4621,Open Ended,Debt Scheme - Money Market Fund,Union Money Market Fund - Direct Plan -  Growth Option,2021-08-24,exact_name_amc,master,high,False,Master dataset via exact_name_amc.
Union Overnight Fund,Union Mutual Fund,Debt,Overnight Mutual Funds,1,3,2000,5000,0.08,158.0,4.0,5.4,3.9,,149454,1279.1183,2026-04-12,,Open Ended,Debt Scheme - Overnight Fund,Union Overnight Fund - Unclaimed Amounts Plan - Redemption Upto 3 years,2019-03-26,exact_name_amc,master,high,False,Master dataset via exact_name_amc.
Union Small Cap Fund,Union Mutual Fund,Equity,Small Cap Mutual Funds,6,3,500,1000,1.35,710.0,9.0,-0.1,37.1,12.8,129647,49.27,2026-04-10,1607.5675,Open Ended,Equity Scheme - Small Cap Fund,Union Small Cap Fund - Regular Plan - Growth Option,2014-05-20,exact_name_amc,master,high,False,Master dataset via exact_name_amc.
Union Value Discovery Fund,Union Mutual Fund,Equity,Value Funds,6,3,500,1000,1.59,144.0,4.0,2.9,29.7,,,151.6779,,,,,,,unmatched,imputed_subcategory,synthetic,True,Synthetic peer-based NAV using 8 comparable schemes.
UTI-Arbitrage Fund,UTI Mutual Fund,Hybrid,Arbitrage Mutual Funds,1,3,500,5000,0.34,3532.0,10.0,5.4,4.7,5.5,120795,39.1864,2026-04-10,6772.7753,Open Ended,Hybrid Scheme - Arbitrage Fund,UTI Arbitrage Fund - Direct Plan - Growth Option,2006-06-09,exact_name_amc,master,high,False,Master dataset via exact_name_amc.
UTI-Banking & PSU Debt Fund,UTI Mutual Fund,Debt,Banking and PSU Mutual Funds,3,1,500,500,0.24,524.0,9.0,11.0,7.9,5.6,,25.5908,,,,,,,unmatched,imputed_subcategory,synthetic,True,Synthetic peer-based NAV using 12 comparable schemes.
UTI-Banking and Financial Services Fund,UTI Mutual Fund,Equity,Sectoral / Thematic Mutual Funds,6,1,500,5000,1.39,824.0,10.0,8.2,24.4,6.7,102401,190.8307,2026-04-10,1052.9712,Open Ended,Equity Scheme - Sectoral/ Thematic,UTI Banking and Financial Services Fund - Regular Plan - Growth Option,2003-01-02,exact_name_amc,master,high,False,Master dataset via exact_name_amc.
UTI-Bond Fund,UTI Mutual Fund,Debt,Medium to Long Duration Funds,3,5,500,500,1.29,285.0,10.0,12.0,10.4,4.4,,44.6161,,,,,,,unmatched,imputed_subcategory_style,synthetic,True,Synthetic peer-based NAV using 5 comparable schemes.
UTI-CCF Investment Plan – Direct Growth,UTI Mutual Fund,Solution Oriented,Childrens Funds,6,0,500,1000,1.52,685.0,10.0,-3.3,24.1,10.1,,62.2205,,,,,,,unmatched,imputed_global,synthetic,True,Synthetic peer-based NAV using 504 comparable schemes.
UTI-Core Equity Fund,UTI Mutual Fund,Equity,Large & Mid Cap Funds,6,2,500,5000,1.68,1506.0,10.0,4.1,30.7,10.2,,673.5065,,,,,,,unmatched,imputed_subcategory_style,synthetic,True,Synthetic peer-based NAV using 5 comparable schemes.
UTI-Corporate Bond Fund,UTI Mutual Fund,Debt,Corporate Bond Mutual Funds,2,3,500,500,0.23,3092.0,5.0,4.2,6.5,,144339,17.4329,2026-04-10,4945.8318,Open Ended,Debt Scheme - Corporate Bond Fund,UTI Corporate Bond Fund - Direct Plan - Growth Option,2018-07-23,exact_name_amc,master,high,False,Master dataset via exact_name_amc.
UTI-Credit Risk Fund,UTI Mutual Fund,Debt,Credit Risk Funds,4,4,500,500,0.81,438.0,10.0,5.0,8.3,-0.9,117981,17.8327,2026-04-10,209.5225,Open Ended,Debt Scheme - Credit Risk Fund,UTI Credit Risk Fund  - Regular Plan - Growth Option,2012-10-25,exact_name_amc,master,high,False,Master dataset via exact_name_amc.
UTI-Dividend Yield Fund,UTI Mutual Fund,Equity,Dividend Yield Funds,6,0,500,5000,1.45,2786.0,10.0,-1.5,26.8,11.3,103025,32.77,2026-04-10,1412.5932999999998,Open Ended,Equity Scheme - Dividend Yield Fund,UTI Dividend Yield Fund - Regular Plan - IDCW,2005-04-11,exact_name_amc,master,high,False,Master dataset via exact_name_amc.
UTI-Dynamic Bond Fund,UTI Mutual Fund,Debt,Dynamic Bond,3,3,500,500,0.81,469.0,10.0,12.5,11.0,6.3,113077,31.8426,2026-04-10,278.5053,Open Ended,Debt Scheme - Dynamic Bond,UTI Dynamic Bond Fund - Regular Plan - Growth Option,2010-06-16,exact_name_amc,master,high,False,Master dataset via exact_name_amc.
UTI-Equity Savings Fund,UTI Mutual Fund,Hybrid,Equity Savings Mutual Funds,3,4,0,5000,0.68,257.0,5.0,6.1,14.7,,144484,18.75,2026-04-10,545.4159999999999,Open Ended,Hybrid Scheme - Equity Savings,UTI Equity Savings Fund - Regular Plan - Growth Option,2018-08-10,exact_name_amc,master,high,False,Master dataset via exact_name_amc.
UTI-Flexi Cap Fund,UTI Mutual Fund,Equity,Flexi Cap Funds,6,4,500,5000,0.9,23944.0,10.0,-9.0,22.5,12.2,100669,291.8136,2026-04-10,13528.283000000001,Open Ended,Equity Scheme - Flexi Cap Fund,UTI - Flexi Cap Fund-Growth Option,1992-04-20,exact_name_amc,master,high,False,Master dataset via exact_name_amc.
UTI-Floater Fund,UTI Mutual Fund,Debt,Floater Mutual Funds,2,3,500,500,0.35,1637.0,4.0,5.1,5.9,,145295,1641.2898,2026-04-10,868.4184,Open Ended,Debt Scheme - Floater Fund,UTI - Floater Fund - Direct Plan - Growth Option,2018-10-12,exact_name_amc,master,high,False,Master dataset via exact_name_amc.
UTI-Gilt Fund,UTI Mutual Fund,Debt,Gilt Mutual Funds,3,3,500,500,0.67,517.0,10.0,5.0,5.0,7.3,102514,48.1347,2026-04-10,0.0747,Open Ended,Debt Scheme - Gilt Fund,UTI - GILT FUND - Discontinued PF Plan Prescribed Date Auto Redemption Option,2001-01-14,exact_name_amc,master,high,False,Master dataset via exact_name_amc.
UTI-Healthcare Fund,UTI Mutual Fund,Equity,Sectoral / Thematic Mutual Funds,6,0,500,5000,1.47,655.0,10.0,-9.0,22.0,12.0,100807,280.1399,2026-04-10,762.5836999999999,Open Ended,Equity Scheme - Sectoral/ Thematic,UTI Healthcare Fund - Regular Plan - Growth Option,1999-05-27,exact_name_amc,master,high,False,Master dataset via exact_name_amc.
UTI-Hybrid Equity Fund,UTI Mutual Fund,Hybrid,Aggressive Hybrid Mutual Funds,6,3,500,1000,1.34,4286.0,10.0,5.3,25.8,9.8,,344.7692,,,,,,,unmatched,imputed_subcategory_style,synthetic,True,Synthetic peer-based NAV using 6 comparable schemes.
UTI-India Consumer Fund,UTI Mutual Fund,Equity,Sectoral / Thematic Mutual Funds,6,1,500,5000,1.8,436.0,10.0,-0.5,18.0,8.4,106425,54.3755,2026-04-10,600.7751000000001,Open Ended,Equity Scheme - Sectoral/ Thematic,UTI India Consumer Fund - Regular Plan - Growth Option,2007-07-02,exact_name_amc,master,high,False,Master dataset via exact_name_amc.
UTI-Infrastructure Fund,UTI Mutual Fund,Equity,Sectoral / Thematic Mutual Funds,6,2,500,5000,1.92,1445.0,10.0,12.9,28.0,9.4,102395,138.759,2026-04-10,1435.7301,Open Ended,Equity Scheme - Sectoral/ Thematic,UTI Infrastructure Fund-Growth Option,2003-01-02,exact_name_amc,master,high,False,Master dataset via exact_name_amc.
UTI-Liquid – Cash Plan – Direct Growth,UTI Mutual Fund,Debt,Liquid Mutual Funds,2,4,0,500,0.14,31463.0,10.0,5.7,4.4,5.3,,4179.6687,2025-01-06,,,,,,unmatched,archive_name,medium,False,Archive NAV matched using normalized scheme name.
UTI-Long Term Equity Fund,UTI Mutual Fund,Equity,ELSS Mutual Funds,6,3,500,500,0.95,2797.0,10.0,-2.9,24.5,10.9,,104.3066,,,,,,,unmatched,imputed_subcategory,synthetic,True,Synthetic peer-based NAV using 5 comparable schemes.
UTI-Mastershare – Direct Growth,UTI Mutual Fund,Equity,Large Cap Mutual Funds,6,4,500,100,0.97,10312.0,10.0,-2.0,24.2,11.5,,108.3119,,,,,,,unmatched,imputed_subcategory,synthetic,True,Synthetic peer-based NAV using 17 comparable schemes.
UTI-Medium Term Fund,UTI Mutual Fund,Debt,Medium Duration Funds,3,2,500,500,1.0,54.0,8.0,3.7,5.4,4.6,,35.005,,,,,,,unmatched,imputed_subcategory,synthetic,True,Synthetic peer-based NAV using 10 comparable schemes.
UTI-Mid Cap Fund,UTI Mutual Fund,Equity,Mid Cap Mutual Funds,6,3,500,5000,0.99,7077.0,10.0,0.4,31.1,11.4,102394,289.0621,2026-04-10,9103.4039,Open Ended,Equity Scheme - Mid Cap Fund,UTI Mid Cap Fund-Growth Option,2003-01-02,exact_name_amc,master,high,False,Master dataset via exact_name_amc.
UTI-MNC Fund,UTI Mutual Fund,Equity,Sectoral / Thematic Mutual Funds,6,0,500,5000,1.24,2366.0,10.0,3.3,18.1,7.9,100740,370.7806,2026-04-10,1958.3278,Open Ended,Equity Scheme - Sectoral/ Thematic,UTI - MNC Fund - Regular Plan - Growth Option,2003-02-01,exact_name_amc,master,high,False,Master dataset via exact_name_amc.
UTI-Money Market Fund,UTI Mutual Fund,Debt,Money Market Funds,3,4,500,500,0.2,7897.0,10.0,5.6,5.3,6.2,100722,1389.4669,,,Open Ended,Debt Scheme - Money Market Fund,UTI MMF-Income,1997-04-23,exact_name_amc,imputed_subcategory,synthetic,True,Synthetic peer-based NAV using 16 comparable schemes.
UTI-Multi Asset Fund,UTI Mutual Fund,Hybrid,Multi Asset Allocation Mutual Funds,6,2,500,5000,1.04,860.0,10.0,4.9,16.5,7.5,,62.3109,,,,,,,unmatched,imputed_category_risk,synthetic,True,Synthetic peer-based NAV using 26 comparable schemes.
UTI-Nifty 50 Index Fund,UTI Mutual Fund,Other,Index Funds,6,3,500,5000,0.2,9475.0,10.0,0.9,26.2,12.0,120716,168.1213,2026-04-10,20780.465,Open Ended,Other Scheme - Index Funds,UTI Nifty 50 Index Fund - Growth Option- Direct,2000-03-28,exact_name_amc,master,high,False,Master dataset via exact_name_amc.
UTI-Nifty Next 50 Index Fund,UTI Mutual Fund,Other,Index Funds,6,2,0,5000,0.33,1926.0,5.0,-6.4,22.2,,143341,25.0574,2026-04-10,4725.3955,Open Ended,Other Scheme - Index Funds,UTI Nifty Next 50 Index Fund - Direct Plan - Growth Option,2018-06-08,exact_name_amc,master,high,False,Master dataset via exact_name_amc.
UTI-Overnight Fund,UTI Mutual Fund,Debt,Overnight Mutual Funds,1,3,500,500,0.07,5600.0,10.0,5.4,3.9,4.6,120785,3693.0843,2026-04-12,4617.9087,Open Ended,Debt Scheme - Overnight Fund,UTI - Overnight Fund - Direct Plan - Growth Option,1999-08-23,exact_name_amc,master,high,False,Master dataset via exact_name_amc.
UTI-Regular Savings Fund,UTI Mutual Fund,Hybrid,Conservative Hybrid Mutual Funds,4,3,500,5000,1.2,1544.0,10.0,3.7,13.5,7.2,,62.2407,,,,,,,unmatched,imputed_subcategory,synthetic,True,Synthetic peer-based NAV using 11 comparable schemes.
UTI-Retirement Benefit Pension Plan – Direct,UTI Mutual Fund,Solution Oriented,Retirement Funds,5,0,500,500,1.05,3687.0,10.0,5.2,17.2,7.5,,60.0965,,,,,,,unmatched,imputed_global,synthetic,True,Synthetic peer-based NAV using 504 comparable schemes.
UTI-Short Term Income Fund,UTI Mutual Fund,Debt,Short Duration Funds,3,5,500,500,0.33,2269.0,10.0,5.0,8.5,5.4,,30.4604,,,,,,,unmatched,imputed_subcategory_style,synthetic,True,Synthetic peer-based NAV using 5 comparable schemes.
UTI-Transportation & Logistics Fund,UTI Mutual Fund,Equity,Sectoral / Thematic Mutual Funds,6,0,500,5000,1.03,1908.0,10.0,14.1,32.9,5.1,102398,275.1545,2026-04-10,3180.0018,Open Ended,Equity Scheme - Sectoral/ Thematic,UTI-Transportation and Logistics  Fund-Growth Option,2008-04-11,exact_name_amc,master,high,False,Master dataset via exact_name_amc.
UTI-Treasury Advantage Fund,UTI Mutual Fund,Debt,Low Duration Funds,2,5,500,500,0.33,2565.0,10.0,5.2,7.3,4.8,,763.8754,,,,,,,unmatched,imputed_subcategory,synthetic,True,Synthetic peer-based NAV using 13 comparable schemes.
UTI-Ultra Short Term Fund,UTI Mutual Fund,Debt,Ultra Short Duration Funds,3,5,500,500,0.44,2130.0,10.0,5.4,6.1,5.7,,1394.0147,,,,,,,unmatched,imputed_subcategory,synthetic,True,Synthetic peer-based NAV using 15 comparable schemes.
UTI-Unit Linked Insurance Plan – Direct,UTI Mutual Fund,Hybrid,Dynamic Asset Allocation or Balanced Advantage,4,0,500,15000,0.96,5068.0,10.0,-0.7,13.1,6.2,100646,40.6636,2026-04-10,4895.1502,Open Ended,Hybrid Scheme - Dynamic Asset Allocation or Balanced Advantage,UTI - Unit Linked Insurance Plan,2003-02-01,exact_name_amc,master,high,False,Master dataset via exact_name_amc.
UTI-Value Opportunities Fund,UTI Mutual Fund,Equity,Value Funds,6,4,500,5000,1.16,6740.0,10.0,1.7,27.2,12.2,,177.4829,,,,,,,unmatched,imputed_subcategory,synthetic,True,Synthetic peer-based NAV using 8 comparable schemes.
WhiteOak Capital Liquid Fund,WhiteOak Capital Mutual Fund,Debt,Liquid Mutual Funds,1,1,500,500,0.26,197.0,4.0,5.3,3.8,,145968,1471.0004,2026-04-12,325.6788,Open Ended,Debt Scheme - Liquid Fund,WhiteOak Capital Liquid Fund- Regular plan-Growth Option,2019-01-02,exact_name_amc,master,high,False,Master dataset via exact_name_amc.
WhiteOak Capital Overnight Fund,WhiteOak Capital Mutual Fund,Debt,Overnight Mutual Funds,1,1,500,500,0.22,14.0,4.0,1.7,32.4,13.3,,1416.3604,,,,,,,unmatched,imputed_subcategory_style,synthetic,True,Synthetic peer-based NAV using 7 comparable schemes.
WhiteOak Capital Ultra Short Term Fund,WhiteOak Capital Mutual Fund,Debt,Ultra Short Duration Funds,1,2,500,500,0.33,141.0,4.0,5.3,4.5,,,1175.2264,,,,,,,unmatched,imputed_subcategory,synthetic,True,Synthetic peer-based NAV using 15 comparable schemes.
